smiles,name
CCO,ethanol
CCCl,chloroethane
CCOCC,diethyl ether
O,water
NCC(=O)O,glycine
N,ammonia
CO,methanol
C,methane
CC,ethane
CCC,propane
CCCC,butane
CCCCC,pentane
CCCCCC,hexane
CCCCCCC,heptane
CCCCCCCC,octane
CCCCCCCCC,nonane
CCCCCCCCCC,decane
CCCCCCCCCCC,undecane
CCCCCCCCCCCC,dodecane
CCCCCCCCCCCCC,tridecane
CCCCCCCCCCCCCC,tetradecane
CCCCCCCCCCCCCCC,pentadecane
CCCCCCCCCCCCCCCC,hexadecane
CCCCCCCCCCCCCCCCC,heptadecane
CCCCCCCCCCCCCCCCCC,octadecane
CCCCCCCCCCCCCCCCCCC,nonadecane
CCCCCCCCCCCCCCCCCCCC,eicosane
CCCO,propan-1-ol
CCCCO,butan-1-ol
CCCCCO,pentan-1-ol
CCCCCCO,hexan-1-ol
CCCCCCCO,heptan-1-ol
CCCCCCCCO,octan-1-ol
CCCCCCCCCO,nonan-1-ol
CCCCCCCCCCO,decan-1-ol
CCCCCCCCCCCO,undecan-1-ol
CCCCCCCCCCCCO,dodecan-1-ol
CCCCCCCCCCCCCO,tridecan-1-ol
CCCCCCCCCCCCCCO,tetradecan-1-ol
CCCCCCCCCCCCCCCO,pentadecan-1-ol
CCCCCCCCCCCCCCCCO,hexadecan-1-ol
CN,methan-1-amine
CCN,ethan-1-amine
CCCN,propan-1-amine
CCCCN,butan-1-amine
CCCCCN,pentan-1-amine
CCCCCCN,hexan-1-amine
CCCCCCCN,heptan-1-amine
CCCCCCCCN,octan-1-amine
CCCCCCCCCN,nonan-1-amine
CCCCCCCCCCN,decan-1-amine
CCCCCCCCCCCN,undecan-1-amine
CCCCCCCCCCCCN,dodecan-1-amine
CCCCCCCCCCCCCN,tridecan-1-amine
CCCCCCCCCCCCCCN,tetradecan-1-amine
CCCCCCCCCCCCCCCN,pentadecan-1-amine
CCCCCCCCCCCCCCCCN,hexadecan-1-amine
O=CO,formic acid
CC(=O)O,acetic acid
CCC(=O)O,propionic acid
CCCC(=O)O,butyric acid
CCCCC(=O)O,valeric acid
CCCCCC(=O)O,caproic acid
CCCCCCC(=O)O,heptanoic acid
CCCCCCCC(=O)O,octanoic acid
CCCCCCCCC(=O)O,nonanoic acid
CCCCCCCCCC(=O)O,decanoic acid
CCCCCCCCCCC(=O)O,undecanoic acid
CCCCCCCCCCCC(=O)O,dodecanoic acid
CCCCCCCCCCCCC(=O)O,tridecanoic acid
CCCCCCCCCCCCCC(=O)O,tetradecanoic acid
CCCCCCCCCCCCCCC(=O)O,pentadecanoic acid
CCCCCCCCCCCCCCCC(=O)O,hexadecanoic acid
C=O,formaldehyde (methanal)
CC=O,acetaldehyde (ethanal)
CCC=O,propanal
CCCC=O,butanal
CCCCC=O,pentanal
CCCCCC=O,hexanal
CCCCCCC=O,heptanal
CCCCCCCC=O,octanal
CCCCCCCCC=O,nonanal
CCCCCCCCCC=O,decanal
CCCCCCCCCCC=O,undecanal
CCCCCCCCCCCC=O,dodecanal
CCCCCCCCCCCCC=O,tridecanal
CCCCCCCCCCCCCC=O,tetradecanal
CCCCCCCCCCCCCCC=O,pentadecanal
CCCCCCCCCCCCCCCC=O,hexadecanal
C#N,hydrogen cyanide
CC#N,acetonitrile
CCC#N,propionitrile
CCCC#N,butanenitrile
CCCCC#N,pentanenitrile
CCCCCC#N,hexanenitrile
CCCCCCC#N,heptanenitrile
CCCCCCCC#N,octanenitrile
CCCCCCCCC#N,nonanenitrile
CCCCCCCCCC#N,decanenitrile
CCCCCCCCCCC#N,undecanenitrile
CCCCCCCCCCCC#N,dodecanenitrile
CCCCCCCCCCCCC#N,tridecanenitrile
CCCCCCCCCCCCCC#N,tetradecanenitrile
CCCCCCCCCCCCCCC#N,pentadecanenitrile
CCCCCCCCCCCCCCCC#N,hexadecanenitrile
CF,fluoromethane
CCl,chloromethane
CBr,bromomethane
CI,iodomethane
CCF,fluoroethane
CCBr,bromoethane
CCI,iodoethane
CCCF,fluoropropane
CCCCl,chloropropane
CCCBr,bromopropane
CCCI,iodopropane
CCCCF,fluorobutane
CCCCCl,chlorobutane
CCCCBr,bromobutane
CCCCI,iodobutane
CCCCCF,fluoropentane
CCCCCCl,chloropentane
CCCCCBr,bromopentane
CCCCCI,iodopentane
CCCCCCF,fluorohexane
CCCCCCCl,chlorohexane
CCCCCCBr,bromohexane
CCCCCCI,iodohexane
CCCCCCCF,fluoroheptane
CCCCCCCCl,chloroheptane
CCCCCCCBr,bromoheptane
CCCCCCCI,iodoheptane
CCCCCCCCF,fluorooctane
CCCCCCCCCl,chlorooctane
CCCCCCCCBr,bromooctane
CCCCCCCCI,iodooctane
CCCCCCCCCF,fluorononane
CCCCCCCCCCl,chlorononane
CCCCCCCCCBr,bromononane
CCCCCCCCCI,iodononane
CCCCCCCCCCF,fluorodecane
CCCCCCCCCCCl,chlorodecane
CCCCCCCCCCBr,bromodecane
CCCCCCCCCCI,iododecane
CCCCCCCCCCCF,fluoroundecane
CCCCCCCCCCCCl,chloroundecane
CCCCCCCCCCCBr,bromoundecane
CCCCCCCCCCCI,iodoundecane
CCCCCCCCCCCCF,fluorododecane
CCCCCCCCCCCCCl,chlorododecane
CCCCCCCCCCCCBr,bromododecane
CCCCCCCCCCCCI,iodododecane
COC,dimethyl ether
CCOC,methyl ethyl ether
CCCOC,methyl propyl ether
CCCCOC,methyl butyl ether
CCCCCOC,methyl pentyl ether
CCCCCCOC,methyl hexyl ether
CCCCCCCOC,methyl heptyl ether
CCCCCCCCOC,methyl octyl ether
CCCOCC,ethyl propyl ether
CCCCOCC,ethyl butyl ether
CCCCCOCC,ethyl pentyl ether
CCCCCCOCC,ethyl hexyl ether
CCCCCCCOCC,ethyl heptyl ether
CCCCCCCCOCC,ethyl octyl ether
CCCOCCC,dipropyl ether
CCCCOCCC,propyl butyl ether
CCCCCOCCC,propyl pentyl ether
CCCCCCOCCC,propyl hexyl ether
CCCCCCCOCCC,propyl heptyl ether
CCCCCCCCOCCC,propyl octyl ether
CCCCOCCCC,dibutyl ether
CCCCCOCCCC,butyl pentyl ether
CCCCCCOCCCC,butyl hexyl ether
CCCCCCCOCCCC,butyl heptyl ether
CCCCCCCCOCCCC,butyl octyl ether
CCCCCOCCCCC,dipentyl ether
CCCCCCOCCCCC,pentyl hexyl ether
CCCCCCCOCCCCC,pentyl heptyl ether
CCCCCCCCOCCCCC,pentyl octyl ether
CCCCCCOCCCCCC,dihexyl ether
CCCCCCCOCCCCCC,hexyl heptyl ether
CCCCCCCCOCCCCCC,hexyl octyl ether
CCCCCCCOCCCCCCC,diheptyl ether
CCCCCCCCOCCCCCCC,heptyl octyl ether
CCCCCCCCOCCCCCCCC,dioctyl ether
COC(C)=O,methyl acetate
CCOC(C)=O,ethyl acetate
CCCOC(C)=O,propyl acetate
CCCCOC(C)=O,butyl acetate
CCCCCOC(C)=O,pentyl acetate
CCCCCCOC(C)=O,hexyl acetate
CCCCCCCOC(C)=O,heptyl acetate
CCCCCCCCOC(C)=O,octyl acetate
CCC(=O)OC,methyl propionate
CCOC(=O)CC,ethyl propionate
CCCOC(=O)CC,propyl propionate
CCCCOC(=O)CC,butyl propionate
CCCCCOC(=O)CC,pentyl propionate
CCCCCCOC(=O)CC,hexyl propionate
CCCCCCCOC(=O)CC,heptyl propionate
CCCCCCCCOC(=O)CC,octyl propionate
CCCC(=O)OC,methyl butyrate
CCCC(=O)OCC,ethyl butyrate
CCCOC(=O)CCC,propyl butyrate
CCCCOC(=O)CCC,butyl butyrate
CCCCCOC(=O)CCC,pentyl butyrate
CCCCCCOC(=O)CCC,hexyl butyrate
CCCCCCCOC(=O)CCC,heptyl butyrate
CCCCCCCCOC(=O)CCC,octyl butyrate
CCCCC(=O)OC,methyl valerate
CCCCC(=O)OCC,ethyl valerate
CCCCC(=O)OCCC,propyl valerate
CCCCOC(=O)CCCC,butyl valerate
CCCCCOC(=O)CCCC,pentyl valerate
CCCCCCOC(=O)CCCC,hexyl valerate
CCCCCCCOC(=O)CCCC,heptyl valerate
CCCCCCCCOC(=O)CCCC,octyl valerate
CCCCCC(=O)OC,methyl caproate
CCCCCC(=O)OCC,ethyl caproate
CCCCCC(=O)OCCC,propyl caproate
CCCCCC(=O)OCCCC,butyl caproate
CCCCCOC(=O)CCCCC,pentyl caproate
CCCCCCOC(=O)CCCCC,hexyl caproate
CCCCCCCOC(=O)CCCCC,heptyl caproate
CCCCCCCCOC(=O)CCCCC,octyl caproate
CCCCCCC(=O)OC,methyl heptanoate
CCCCCCC(=O)OCC,ethyl heptanoate
CCCCCCC(=O)OCCC,propyl heptanoate
CCCCCCC(=O)OCCCC,butyl heptanoate
CCCCCCC(=O)OCCCCC,pentyl heptanoate
CCCCCCOC(=O)CCCCCC,hexyl heptanoate
CCCCCCCOC(=O)CCCCCC,heptyl heptanoate
CCCCCCCCOC(=O)CCCCCC,octyl heptanoate
CCCCCCCC(=O)OC,methyl octanoate
CCCCCCCC(=O)OCC,ethyl octanoate
CCCCCCCC(=O)OCCC,propyl octanoate
CCCCCCCC(=O)OCCCC,butyl octanoate
CCCCCCCC(=O)OCCCCC,pentyl octanoate
CCCCCCCC(=O)OCCCCCC,hexyl octanoate
CCCCCCCOC(=O)CCCCCCC,heptyl octanoate
CCCCCCCCOC(=O)CCCCCCC,octyl octanoate
c1ccccc1,benzene
Cc1ccccc1,toluene
CCc1ccccc1,ethylbenzene
Oc1ccccc1,phenol
Nc1ccccc1,aniline
Clc1ccccc1,chlorobenzene
Brc1ccccc1,bromobenzene
Fc1ccccc1,fluorobenzene
Ic1ccccc1,iodobenzene
O=C(O)c1ccccc1,benzoic acid
COc1ccccc1,anisole (methoxybenzene)
CC(=O)c1ccccc1,acetophenone
c1ccncc1,pyridine
c1ccoc1,furan
c1ccsc1,thiophene
c1cc[nH]c1,pyrrole
c1c[nH]cn1,imidazole
c1ccc2ccccc2c1,naphthalene
N#Cc1ccccc1,benzonitrile
NC(=O)c1ccccc1,benzamide
O=S(=O)(O)c1ccccc1,benzenesulfonic acid
CC(C)O,isopropanol (propan-2-ol)
CC(C)(C)O,tert-butanol (2-methylpropan-2-ol)
CC(N)=O,acetamide
OCCO,ethylene glycol
OCC(O)CO,glycerol
CC(C)=O,acetone (propanone)
O=C=O,carbon dioxide
CS,methanethiol
CCS,ethanethiol
C=C,ethene
C=CC,propene
C=CCC,butene
C=CCCC,pentene
C=CCCCC,hexene
C=CCCCCC,heptene
C=CCCCCCC,octene
C=CCCCCCCC,nonene
C=CCCCCCCCC,decene
C=CCCCCCCCCC,undecene
C=CCCCCCCCCCC,dodecene
C=CCCCCCCCCCCC,tridecene
C=CCCCCCCCCCCCC,tetradecene
C=CCCCCCCCCCCCCC,pentadecene
C=CCCCCCCCCCCCCCC,hexadecene
C=CCCCCCCCCCCCCCCC,heptadecene
C=CCCCCCCCCCCCCCCCC,octadecene
C=CCCCCCCCCCCCCCCCCC,nonadecene
C=CCCCCCCCCCCCCCCCCCC,eicosene
C#C,ethyne (acetylene)
C#CC,propyne
C#CCC,butyne
C#CCCC,pentyne
C#CCCCC,hexyne
C#CCCCCC,heptyne
C#CCCCCCC,octyne
C#CCCCCCCC,nonyne
C#CCCCCCCCC,decyne
C#CCCCCCCCCC,undecyne
C#CCCCCCCCCCC,dodecyne
C#CCCCCCCCCCCC,tridecyne
C#CCCCCCCCCCCCC,tetradecyne
C#CCCCCCCCCCCCCC,pentadecyne
C#CCCCCCCCCCCCCCC,hexadecyne
C#CCCCCCCCCCCCCCCC,heptadecyne
C#CCCCCCCCCCCCCCCCC,octadecyne
C#CCCCCCCCCCCCCCCCCC,nonadecyne
C#CCCCCCCCCCCCCCCCCCC,eicosyne
CCC(C)=O,butan-2-one
CCCC(C)=O,pentan-2-one
CCCCC(C)=O,hexan-2-one
CCCCCC(C)=O,heptan-2-one
CCCCCCC(C)=O,octan-2-one
CCCCCCCC(C)=O,nonan-2-one
CCCCCCCCC(C)=O,decan-2-one
CCCCCCCCCC(C)=O,undecan-2-one
CCCCCCCCCCC(C)=O,dodecan-2-one
CCCCCCCCCCCC(C)=O,tridecan-2-one
CCCCCCCCCCCCC(C)=O,tetradecan-2-one
CCCCCCCCCCCCCC(C)=O,pentadecan-2-one
CCCCCCCCCCCCCCC(C)=O,hexadecan-2-one
C1CC1,cyclopropane
C1CCC1,cyclobutane
C1CCCC1,cyclopentane
C1CCCCC1,cyclohexane
C1CCCCCC1,cycloheptane
C1CCCCCCC1,cyclooctane
C1CCCCCCCC1,cyclononane
C1CCCCCCCCC1,cyclodecane
C1CCCCCCCCCC1,cycloundecane
C1CCCCCCCCCCC1,cyclododecane
FCCF,"1,2-fluorofluoroethane"
ClCCCl,"1,2-chlorochloroethane"
BrCCBr,"1,2-bromobromoethane"
ICCI,"1,2-iodoiodoethane"
FCCCF,"1,3-fluorofluoropropane"
ClCCCCl,"1,3-chlorochloropropane"
BrCCCBr,"1,3-bromobromopropane"
ICCCI,"1,3-iodoiodopropane"
FCCCCF,"1,4-fluorofluorobutane"
ClCCCCCl,"1,4-chlorochlorobutane"
BrCCCCBr,"1,4-bromobromobutane"
ICCCCI,"1,4-iodoiodobutane"
FCCCCCF,"1,5-fluorofluoropentane"
ClCCCCCCl,"1,5-chlorochloropentane"
BrCCCCCBr,"1,5-bromobromopentane"
ICCCCCI,"1,5-iodoiodopentane"
FCCCCCCF,"1,6-fluorofluorohexane"
ClCCCCCCCl,"1,6-chlorochlorohexane"
BrCCCCCCBr,"1,6-bromobromohexane"
ICCCCCCI,"1,6-iodoiodohexane"
FCCCCCCCF,"1,7-fluorofluoroheptane"
ClCCCCCCCCl,"1,7-chlorochloroheptane"
BrCCCCCCCBr,"1,7-bromobromoheptane"
ICCCCCCCI,"1,7-iodoiodoheptane"
FCCCCCCCCF,"1,8-fluorofluorooctane"
ClCCCCCCCCCl,"1,8-chlorochlorooctane"
BrCCCCCCCCBr,"1,8-bromobromooctane"
ICCCCCCCCI,"1,8-iodoiodooctane"
FCCCCCCCCCF,"1,9-fluorofluorononane"
ClCCCCCCCCCCl,"1,9-chlorochlorononane"
BrCCCCCCCCCBr,"1,9-bromobromononane"
ICCCCCCCCCI,"1,9-iodoiodononane"
FCCCCCCCCCCF,"1,10-fluorofluorodecane"
ClCCCCCCCCCCCl,"1,10-chlorochlorodecane"
BrCCCCCCCCCCBr,"1,10-bromobromodecane"
ICCCCCCCCCCI,"1,10-iodoiododecane"
OCCCO,"3-carbon diol (alpha,omega)"
OCCCCO,"4-carbon diol (alpha,omega)"
OCCCCCO,"5-carbon diol (alpha,omega)"
OCCCCCCO,"6-carbon diol (alpha,omega)"
OCCCCCCCO,"7-carbon diol (alpha,omega)"
OCCCCCCCCO,"8-carbon diol (alpha,omega)"
OCCCCCCCCCO,"9-carbon diol (alpha,omega)"
OCCCCCCCCCCO,"10-carbon diol (alpha,omega)"
OCCCCCCCCCCCO,"11-carbon diol (alpha,omega)"
OCCCCCCCCCCCCO,"12-carbon diol (alpha,omega)"
NCCN,"2-carbon diamine (alpha,omega)"
NCCCN,"3-carbon diamine (alpha,omega)"
NCCCCN,"4-carbon diamine (alpha,omega)"
NCCCCCN,"5-carbon diamine (alpha,omega)"
NCCCCCCN,"6-carbon diamine (alpha,omega)"
NCCCCCCCN,"7-carbon diamine (alpha,omega)"
NCCCCCCCCN,"8-carbon diamine (alpha,omega)"
NCCCCCCCCCN,"9-carbon diamine (alpha,omega)"
NCCCCCCCCCCN,"10-carbon diamine (alpha,omega)"
NCCCCCCCCCCCN,"11-carbon diamine (alpha,omega)"
NCCCCCCCCCCCCN,"12-carbon diamine (alpha,omega)"
O=C(O)C(=O)O,2-carbon dicarboxylic acid
O=C(O)CC(=O)O,3-carbon dicarboxylic acid
O=C(O)CCC(=O)O,4-carbon dicarboxylic acid
O=C(O)CCCC(=O)O,5-carbon dicarboxylic acid
O=C(O)CCCCC(=O)O,6-carbon dicarboxylic acid
O=C(O)CCCCCC(=O)O,7-carbon dicarboxylic acid
O=C(O)CCCCCCC(=O)O,8-carbon dicarboxylic acid
O=C(O)CCCCCCCC(=O)O,9-carbon dicarboxylic acid
O=C(O)CCCCCCCCC(=O)O,10-carbon dicarboxylic acid
O=C(O)CCCCCCCCCC(=O)O,11-carbon dicarboxylic acid
O=C(O)CCCCCCCCCCC(=O)O,12-carbon dicarboxylic acid
C1CCOC1,tetrahydrofuran (THF)
C1COCCO1,"1,4-dioxane"
CCOCCO,diethylene glycol (approx)
CC(=O)OC(C)=O,acetic anhydride
CS(C)(=O)=O,dimethyl sulfone
CS(C)=O,dimethyl sulfoxide (DMSO)
CN(C)C=O,dimethylformamide (DMF)
CCN(CC)CC,triethylamine
CCOC(=O)OCC,diethyl carbonate
O=S(=O)(O)O,sulfuric acid
O=P(O)(O)O,phosphoric acid
CCn1cc(C(=O)O)c(=O)c2cnc(N3CCNCC3)nc21,pipemidic acid
COc1ccc(/C=C/C(=O)Nc2ccccc2C(=O)O)cc1OC,tranilast
CNC(C)Cc1ccccc1OC,methoxyphenamine
C#CCN(C)Cc1ccccc1,pargyline
CCN(CC)CCC(=O)N1c2ccccc2Sc2ccc(C(F)(F)F)cc21,fluacizine
CC1=CC(=O)CC(C(C)C)C1,homocamfin
CCCC(C(=O)c1ccc(C)cc1)N1CCCC1,pyrovalerone
NCC(=O)CCC(=O)O,aminolevulinic acid
CC1(C)S[C@@H]2[C@H](NC(=O)[C@H](N)c3ccc(O)cc3)C(=O)N2[C@H]1C(=O)O,amoxicillin
C=C[C@]1(C)C[C@@H](OC(=O)CS[C@@H]2CC[C@@H](N)C[C@H]2O)[C@]2(C)[C@H](C)CC[C@]3(CCC(=O)[C@H]32)[C@@H](C)[C@@H]1O,lefamulin
CCC(c1ccccc1)c1noc(CCN(CC)CC)n1,proxazole
CC(=O)OCC1=C(C(=O)O)N2C(=O)[C@@H](NC(=O)CC#N)[C@H]2SC1,cefacetrile
CC[C@@H](Oc1cccc(CN(CCCOc2ccc(OC)cc2)c2nc3ccccc3o2)c1)C(=O)O,pemafibrate
Cc1ccc2c(c1)Sc1ccc(C)cc1S2,mesulfen
CN1CCOC(c2ccccc2)c2ccccc2C1,nefopam
CC(=O)OCC(=O)[C@@]1(O)CC[C@H]2[C@@H]3CCC4=CC(=O)C=C[C@]4(C)[C@@]3(Cl)[C@@H](Cl)C[C@@]21C,dichlorisone
CCC(C(=O)NC(=O)NC(C)=O)c1ccccc1,acetylpheneturide
CC1=C/C(=N\OCC(=O)O)c2ccccc2C1=O,menadoxime
COc1cc(C=NNC(=O)c2ccncc2)ccc1O,ftivazide
O1O[Mg]1,magnesium peroxide
Cc1ccc(N(CC2=NCCN2)c2cccc(O)c2)cc1,phentolamine
C[C@@H]1CCC[C@H](C)N1NC(=O)c1ccc(Cl)c(S(N)(=O)=O)c1,clopamide
CC(=O)O[C@H](CC(=O)[O-])C[N+](C)(C)C,acetylcarnitine
CC(Cc1ccccc1)NCCC(c1ccccc1)c1ccccc1,prenylamine
Cc1ncc([N+](=O)[O-])n1CCO,metronidazole
CC(C)NCC(O)c1ccc([N+](=O)[O-])cc1,nifenalol
C[C@]12CCC(=O)C=C1C=C[C@@H]1[C@@H]2CC[C@@]2(C)[C@H]1CC[C@@]21CCC(=O)O1,canrenone
CC1=C(/C=C/C(C)=C/C=C/C(C)=C/C(=O)Oc2c(C)c(C)c3c(c2C)CCC(C)(CCCC(C)CCCC(C)CCCC(C)C)O3)C(C)(C)CCC1,tretinoin tocoferil
COc1ccc2c(=O)c(C)c(-c3ccccc3)oc2c1CN(C)C,dimefline
COC(=O)Nc1c(N)nc(-c2nn(Cc3ccccc3F)c3ncc(F)cc23)nc1N,vericiguat
CNCC(=O)c1ccc(O)c(O)c1,adrenalone
CCC1(CC)C(=O)NC(=O)N(C)C1=O,metharbital
COc1ccc2c(c1)Sc1ccc(C(C)C(=O)O)cc1N2C,protizinic acid
NC(=O)c1ncn([C@@H]2O[C@H](CO)[C@@H](O)[C@H]2O)c1O,mizoribine
CC(C)(C)NCC(O)c1cc(Cl)c(N)c(Cl)c1,clenbuterol
Cc1ccc(C(=O)c2ccc(CC(=O)O)n2C)cc1,tolmetin
O=C(O)c1ccccc1Nc1cc(Cl)ccc1C(=O)O,lobenzarit
CC(=O)O[C@@H](C)C(=O)[C@@]1(O)CC[C@H]2[C@@H]3CCC4=CC(=O)C=C[C@]4(C)[C@@]3(F)[C@@H](O)C[C@@]21C,fluperolone
CC(=O)OCC1=C(C(=O)O)N2C(=O)[C@@H](NC(=O)[C@H](N)c3ccccc3)[C@H]2SC1,cefaloglycin
C[C@@H](Cc1ccccc1)NCc1ccccc1Cl,clobenzorex
Cc1ccc(Sc2ccccc2N2CCNCC2)c(C)c1,vortioxetine
CCNC(C)Cc1ccccc1,etilamfetamine
COc1cc(Cc2cnc(N)nc2N)cc(OC)c1OC,trimethoprim
O[C@@H]([C@H](O)[C@H](O)CBr)[C@H](O)CBr,mitobronitol
Nc1ccc(S(=O)(=O)c2ccc(N)cc2)cc1,dapsone
CC(C(=O)O)c1ccc2c(c1)[nH]c1ccc(Cl)cc12,carprofen
C=CCc1cc(-c2cc(CC=C)c(O)c(CN(CC)CC)c2)cc(CN(CC)CC)c1O,bialamicol
COc1c(OCCCN2CCOCC2)ccc2c1N=C(NC(=O)c1cnc(N)nc1)N1CCN=C21,copanlisib
O=C1c2c(O)ccc(O)c2C(=O)c2c(NCCNCCO)ccc(NCCNCCO)c21,mitoxantrone
O=C(/C=C\n1cnc(-c2cc(C(F)(F)F)cc(C(F)(F)F)c2)n1)NNc1cnccn1,selinexor
CN(C)CCN(Cc1cccs1)c1ccccn1,methapyrilene
COc1ccc(NS(=O)(=O)c2ccc(NC(c3c(C)n(C)n(-c4ccccc4)c3=O)S(=O)(=O)O)cc2)nn1,sulfamazone
OCCN1CCCCC1C(c1ccccc1)c1ccccc1,difemetorex
COC(CN1CCN(CC(O)C(OC)c2ccccc2)CC1)c1ccccc1,zipeprol
NS(=O)(=O)c1cc(C(=O)O)cc(N2CCCC2)c1Oc1ccccc1,piretanide
CO/N=C(\C(=O)N[C@@H]1C(=O)N2C(C(=O)[O-])=C(C[n+]3cccc4c3CCC4)CS[C@H]12)c1csc(N)n1,cefpirome
NS(=O)(=O)c1cc2c(cc1Cl)NC(C1CC3C=CC1C3)NS2(=O)=O,cyclothiazide
C=CCN1C(=O)OC(C)C1=O,allomethadione
CC1=C(C(=O)O)N2C(=O)[C@@H](NC(=O)[C@H](N)c3ccccc3)[C@H]2SC1,cefalexin
CC(C)c1cccc(C(C)C)c1NC(=O)CN(CC(=O)O)CC(=O)O,disofenin
CCOC(=O)C(C)(N)Cc1cc(I)c(Oc2cc(I)c(O)c(I)c2)c(I)c1,etiroxate
OC(CCN1CCCCC1)(c1ccccc1)C1CCCC1,cycrimine
CNC(=N)NC(=O)Nc1c(C)cccc1C,lidamidine
Cc1cn([C@H]2C[C@H](N=[N+]=[N-])[C@@H](CO)O2)c(=O)[nH]c1=O,zidovudine
CCOC(=O)[C@H](CCc1ccccc1)N[C@@H](C)C(=O)N1[C@H](C(=O)O)C[C@H]2CCCC[C@@H]21,trandolapril
C=C1CC[C@H](O)C/C1=C/C=C1\CCC[C@]2(C)[C@@H]([C@H](C)CCCC(C)C)CC[C@@H]12,colecalciferol
CCC(O)(c1ccccc1)c1cccc(C(F)(F)F)c1,flumecinol
Clc1ccc(CS[C@@H](Cn2ccnc2)c2ccc(Cl)cc2Cl)cc1,sulconazole
CC(C)(C)CC(=O)OCC(=O)[C@@]12OC(C)(C)O[C@@H]1C[C@H]1[C@@H]3CCC4=CC(=O)C=C[C@]4(C)[C@@]3(F)[C@@H](O)C[C@@]12C,triamcinolone hexacetonide
CCc1c(Cl)c(O)c(Cl)c(O)c1C(=O)O[C@H]1[C@H](O)[C@H](OC)[C@H](OC/C2=C\C=C\C[C@H](O)/C(C)=C/[C@H](CC)[C@@H](O[C@@H]3OC(C)(C)[C@@H](OC(=O)C(C)C)[C@H](O)[C@@H]3O)/C(C)=C/C(C)=C/C[C@@H]([C@@H](C)O)OC2=O)O[C@@H]1C,fidaxomicin
CNCCCC1c2ccccc2C=Cc2ccccc21,protriptyline
O=C(OCc1ccccc1)c1cccnc1,benzyl nicotinate
NS(=O)(=O)c1cc2c(cc1Cl)N=C(CSCc1ccccc1)NS2(=O)=O,benzthiazide
CC(=O)O[C@]1(C(C)=O)CC[C@H]2[C@@H]3C=C(Cl)C4=CC(=O)[C@@H]5C[C@@H]5[C@]4(C)[C@H]3CC[C@@]21C,cyproterone acetate
CCN(CC)C(=O)c1ccc(O)c(OC)c1,etamivan
CCO[C@H]1O[C@@H]2O[C@@]3(C)CC[C@H]4[C@H](C)CC[C@@H]([C@H]1C)[C@@]24OO3,artemotil
CN(C)CCn1nnnc1SCC1=C(C(=O)O)N2C(=O)[C@@H](NC(=O)Cc3csc(N)n3)[C@H]2SC1,cefotiam
C[C@]12C=CC(=O)C=C1C(Cl)=C[C@@H]1[C@@H]2[C@@H](O)C[C@@]2(C)[C@H]1CC[C@]2(O)C(=O)CO,cloprednol
C[C@@H](Cc1ccccc1)N(C)Cc1ccccc1,benzphetamine
CCC(C)NCC(O)c1ccc2c(c1)CCCC2,butidrine
CO/N=C(\C(=O)N[C@@H]1C(=O)N2C(C(=O)O)=C(COC(C)=O)CS[C@H]12)c1csc(N)n1,cefotaxime
CC(=O)O[C@H]1[C@@H](O)C[C@H](O[C@H]2[C@@H](O)C[C@H](O[C@H]3[C@@H](O)C[C@H](O[C@H]4CC[C@@]5(C)[C@H](CC[C@@H]6[C@@H]5C[C@@H](O)[C@]5(C)[C@@H](C7=CC(=O)OC7)CC[C@]65O)C4)O[C@@H]3C)O[C@@H]2C)O[C@@H]1C,acetyldigoxin
CC(=O)[C@@]1(O)CC[C@H]2[C@@H]3C[C@H](C(F)(F)F)C4=CC(=O)CC[C@]4(C)[C@H]3CC[C@@]21C,flumedroxone
CCCCCCCC(=O)OC[C@@H](O)[C@@H](OC)[C@@H]1OC(C(=O)O)=C[C@H](NC(=N)N)[C@H]1NC(C)=O,laninamivir octanoate hydrate
CCC(C(=O)O)c1ccc(N2Cc3ccccc3C2=O)cc1,indobufen
CCNC(=NCCCC[C@H](NC(=O)[C@H](CC(C)C)NC(=O)[C@@H](CCCCN=C(NCC)NCC)NC(=O)[C@H](Cc1ccc(O)cc1)NC(=O)[C@H](CO)NC(=O)[C@@H](Cc1cccnc1)NC(=O)[C@@H](Cc1ccc(Cl)cc1)NC(=O)[C@@H](Cc1ccc2ccccc2c1)NC(C)=O)C(=O)N1CCC[C@H]1C(=O)N[C@H](C)C(N)=O)NCC,ganirelix
C[N+](C)(C)CCOC(=O)NCCCCCCNC(=O)OCC[N+](C)(C)C,hexcarbacholine
OC[C@@H](O)[C@@H](O)[C@H](O)[C@H](O)CO,mannitol
Cc1nnc(SCC2=C(C(=O)O)N3C(=O)[C@@H](NC(=O)Cn4cnnn4)[C@H]3SC2)s1,cefazolin
Cn1cnc2c(F)c(Nc3ccc(Br)cc3F)c(C(=O)NOCCO)cc21,binimetinib
CC(=O)N(C(C)=O)c1ccc(/N=N/c2ccccc2C)cc1C,diacetazotol
CCN(CC)CCN1c2ccccc2Sc2ccccc21,diethazine
CC[C@]1(O)C[C@@H]2C[N@@](CCc3c([nH]c4ccccc34)[C@@](C(=O)OC)(c3cc4c(cc3OC)N(C)[C@H]3[C@@](O)(C(=O)NNC(=O)OCCSSC[C@H](NC(=O)[C@H](CC(=O)O)NC(=O)[C@H](CC(=O)O)NC(=O)[C@H](CCCNC(=N)N)NC(=O)[C@H](CC(=O)O)NC(=O)CC[C@H](NC(=O)c5ccc(NCc6c[nH]c7nc(N)nc(=O)c-7n6)cc5)C(=O)O)C(=O)O)[C@H](O)[C@]5(CC)C=CCN6CC[C@]43[C@@H]65)C2)C1,vintafolide
CCCc1cc(C(N)=S)ccn1,protionamide
Nc1ccc(C(=O)Oc2ccccc2)c(O)c1,fenamisal
S=C1SCN(Cc2ccccc2)CN1Cc1ccccc1,sulbentine
CC1(C)S[C@@H]2[C@H](NC(=O)[C@H](N)c3ccccc3)C(=O)N2[C@H]1C(=O)OCOC(=O)[C@@H]1N2C(=O)C[C@H]2S(=O)(=O)C1(C)C,sultamicillin
CCN1C(=O)NC(c2ccccc2)C1=O,ethotoin
COC(=O)[C@H]1[C@@H](OC(=O)c2ccccc2)C[C@@H]2CC[C@H]1N2C,cocaine
COc1ccc(C=CC(=O)OCCC(C)C)cc1,amiloxate
CC(C)(C)[C@@H]1NC(=O)O[C@@H]2CCC[C@H]2OC/C=C/C(F)(F)c2nc3ccccc3nc2O[C@@H]2C[C@@H](C(=O)N[C@]3(C(=O)NS(=O)(=O)C4(C)CC4)C[C@H]3C(F)F)N(C2)C1=O,glecaprevir
COC(=O)OCOc1c2n(ccc1=O)N([C@@H]1c3ccccc3SCc3c1ccc(F)c3F)[C@@H]1COCCN1C2=O,baloxavir marboxil
OCC(CO)(CO)CO,pentaerythritol
CC(=O)Oc1ccc(C(c2ccc(OC(C)=O)cc2)c2ccccn2)cc1,bisacodyl
CC[C@]1(O)CC[C@H]2[C@@H]3CCC4=CC(=O)CC[C@@H]4[C@H]3CC[C@@]21C,norethandrolone
OC(Cn1cncn1)(Cn1cncn1)c1ccc(F)cc1F,fluconazole
CCN(CC)CCOC(=O)C(c1ccccc1)C1(O)CCCC1,cyclodrine
CCc1ccc(CCOc2ccc(CC3SC(=O)NC3=O)cc2)nc1,pioglitazone
CCC(CC)(CO)CO,prenderol
COc1cccc(N2CCN(C3=Nc4c(F)cccc4[C@H](CC(=O)O)N3c3cc(C(F)(F)F)ccc3OC)CC2)c1,letermovir
CCC1(CC)C(=O)CCNC1=O,piperidione
CCC(C)(C)c1ccc(CC(C)CN2C[C@@H](C)O[C@@H](C)C2)cc1,amorolfine
OCCN1CCN(CCC=C2c3ccccc3Sc3ccc(Cl)cc32)CC1,clopenthixol
O=NN(CCCl)C(=O)NCCCl,carmustine
c1ccc(C(Cc2noc(CCN3CCCCC3)n2)c2ccccc2)cc1,prenoxdiazine
O=C1[C@H](CC[C@H](O)c2ccc(F)cc2)[C@@H](c2ccc(O)cc2)N1c1ccc(F)cc1,ezetimibe
CNCc1ccc(-c2cc3cc(F)cc(C(N)=O)c3o2)cc1,mefuparib
COc1ccc(-n2nc(C(N)=O)c3c2C(=O)N(c2ccc(N4CCCCC4=O)cc2)CC3)cc1,apixaban
CC[C@@]1(O)C[C@H](O[C@H]2C[C@H](N(C)C)[C@H](O[C@H]3C[C@H](O)[C@H](O[C@H]4CCC(=O)[C@H](C)O4)[C@H](C)O3)[C@H](C)O2)c2c(cc3c(c2O)C(=O)c2c(O)cccc2C3=O)[C@H]1C(=O)OC,aclarubicin
CCNC(=O)[C@@H]1CCCN1C(=O)[C@H](CCCNC(=N)N)NC(=O)[C@H](CC(C)C)NC(=O)[C@@H](CC(C)C)NC(=O)[C@H](Cc1ccc(O)cc1)NC(=O)[C@H](CO)NC(=O)[C@H](Cc1c[nH]c2ccccc12)NC(=O)[C@H](Cc1c[nH]cn1)NC(=O)[C@@H]1CCC(=O)N1,leuprorelin
NS(=O)(=O)c1cc(Cl)c(Cl)c(S(N)(=O)=O)c1,dichlorphenamide
CCCCCNC(=N)NN=Cc1c[nH]c2ccc(OC)cc12,tegaserod
O=C(OCCOCCN1CCCCC1)N1c2ccccc2Sc2cccnc21,pipazetate
CCCCNC(=N)NC(=N)N,buformin
CNCC(=O)N[C@@H](CCCNC(=N)N)C(=O)N[C@H](C(=O)N[C@@H](Cc1ccc(O)cc1)C(=O)N[C@H](C(=O)N[C@@H](Cc1c[nH]cn1)C(=O)N1CCC[C@H]1C(=O)N[C@@H](C)C(=O)O)C(C)C)C(C)C,saralasin
CCc1oc2ccccc2c1C(=O)c1ccc(O)cc1,benzarone
CCOC(=O)[C@@](C)(N)Cc1ccc(O)c(O)c1,methyldopate
O=C(CS(=O)C(c1ccccc1)c1ccccc1)NO,adrafinil
CC(=O)OCC(=O)[C@@]1(OC(=O)c2ccco2)[C@H](C)C[C@H]2[C@@H]3CCC4=CC(=O)C=C[C@]4(C)[C@@]3(F)[C@@H](O)C[C@@]21C,dexamethasone acefurate
O=C(NC1CCCCC1)NS(=O)(=O)c1ccc2c(c1)CCC2,glyhexamide
CNCCON=c1c2ccccc2ccc2ccccc12,demexiptiline
CCN(Cc1ccncc1)C(=O)C(CO)c1ccccc1,tropicamide
CN1CCN(CCCN2c3ccccc3Sc3ccccc32)CC1,perazine
CN1CCN(c2c(F)cc3c(=O)c(C(=O)O)cn4c3c2SCC4)CC1,rufloxacin
CC(C)(C)NCC(O)COc1cccc2c1CC(O)C(O)C2,nadolol
CC(=O)[C@]1(O)Cc2c(O)c3c(c(O)c2[C@@H](O[C@H]2C[C@H](N)[C@H](O)[C@H](C)O2)C1)C(=O)c1ccccc1C3=O,idarubicin
CN(C)c1ccc2nc3ccc(N(C)C)cc3[s+]c2c1,methylthioninium chloride
NC(=O)CN1Cc2ccccc2OC1=O,caroxazone
O=C(O)CNC(=O)CNC(=O)CNC(=O)CSC(=O)c1ccccc1,betiatide
CC1=CC(=O)N2CC(=O)N(C)c3ccc(Cl)cc3C2(c2ccccc2)O1,ketazolam
C[S+](C)CC[C@H](N)C(=O)O,methiosulfonium chloride
C[C@H]1CC(=O)C[C@@H]2CC[C@H]3[C@@H]4CC[C@H](O)[C@@]4(C)CC[C@@H]3[C@]21C,mesterolone
Cc1ccccc1OCC(O)CO,mephenesin
O=C(C(Cl)Cl)N(CCO)Cc1ccc(Oc2ccc([N+](=O)[O-])cc2)cc1,clefamide
CCC(C)(C)NCC(O)COc1ccccc1C(=O)CCc1ccccc1,diprafenone
CS(=O)(=O)c1cccc(C[C@H](NC(=O)c2c(Cl)cc3c(c2Cl)CCN(C(=O)c2ccc4ccoc4c2)C3)C(=O)O)c1,lifitegrast
OCc1cc([C@@H](O)CNCCCCCCOCCOCc2c(Cl)cccc2Cl)ccc1O,vilanterol
CC(C)(C)NC[C@H](O)COc1cccc2c1CCCC2=O,levobunolol
Nc1ccc(/C=C/c2ccc([N+](=O)[O-])o2)nn1,nifurprazine
Nc1nc(=O)n([C@@H]2CS[C@H](CO)O2)cc1F,emtricitabine
O[C@@H]1CO[C@H]2[C@@H]1OC[C@@H]2O,isosorbide
CC(=O)N[C@@H](CCC(N)=O)C(=O)O,aceglutamide
O=C(O)P(=O)(O)O,foscarnet
Cc1[nH]c(=O)c(C#N)cc1-c1ccc2nccn2c1,olprinone
CCN(CC)CCN1C(=O)CN=C(c2ccccc2F)c2cc(Cl)ccc21,flurazepam
Cc1ccc(-c2nc3ccc(C)cn3c2CC(=O)N(C)C)cc1,zolpidem
CN(C)C[C@@H]1CCn2cc(c3ccccc32)C2=C(C(=O)NC2=O)c2cn(c3ccccc23)CCO1,ruboxistaurin
COCCCOc1ccnc(C[S@@](=O)c2nc3ccccc3[nH]2)c1C,dexrabeprazole
N=C(N)c1ccc(C=Cc2ccc(C(=N)N)cc2O)cc1,hydroxystilbamidine
O=C1CN=C(c2ccccc2)c2cc(Cl)ccc2N1CC1CC1,prazepam
C[C@@H]1O[C@@H](O[C@H]2C[C@@H](O)[C@]3(CO)[C@H]4[C@H](O)C[C@]5(C)[C@@H](C6=CC(=O)OC6)CC[C@]5(O)[C@@H]4CC[C@]3(O)C2)[C@H](O)[C@H](O)[C@H]1O,ouabain
NCC(O)c1cccc(O)c1,norfenefrine
CN(C)CCc1c[nH]c2ccc(Cn3cncn3)cc12,rizatriptan
NS(=O)(=O)c1cc2c(cc1Cl)NC(C(Cl)(Cl)Cl)NS2(=O)=O,teclothiazide
CC(C)(C)C(=O)CCC1C(=O)N(c2ccccc2)N(c2ccccc2)C1=O,tribuzone
C[C@H](Cn1cnc2c(N)ncnc21)OCP(=O)(O)O,tenofovir
CNC(=O)Oc1cccc2ccccc12,carbaryl
O=S(=O)(O)c1cc(I)c(O)c2ncccc12,loretin
CCC(=O)O[C@]1(c2ccccc2)CCN(C)C[C@@H]1C,alphaprodine
CC(=O)N(c1onc(C)c1C)S(=O)(=O)c1ccc(N)cc1,sulfisoxazole acetyl
CC1(C)S[C@@H]2[C@H](NC(=O)[C@H](C(=O)O)c3ccsc3)C(=O)N2[C@H]1C(=O)O,ticarcillin
CCC(=O)O[C@@H](O[P@](=O)(CCCCc1ccccc1)CC(=O)N1C[C@H](C2CCCCC2)C[C@H]1C(=O)O)C(C)C,fosinopril
CCN(CC)CC(C)(C)COC(=O)C(CO)c1ccccc1,amprotropine
C[N+]1(C)[C@@H]2CC[C@H]1C[C@@H](OC(=O)C(O)c1ccccc1)C2,methylhomatropine
Oc1ccc(Cl)cc1Cc1cc(Cl)ccc1O,dichlorophen
COc1ccc2c(c1)c(CC(=O)O)c(C)n2C(=O)c1ccc(Cl)cc1,indomethacin
COc1ccc([C@@H]2Sc3ccccc3N(CCN(C)C)C(=O)[C@@H]2OC(C)=O)cc1,diltiazem
CC(CN(C)C)CN1c2ccccc2CCc2ccccc21,trimipramine
Cc1ccc(S(=O)(=O)Oc2ccc(O)c(S(=O)(=O)O)c2)cc1,sultosilic acid
Cc1ccc(C2(O)CCN(CCCC(=O)c3ccc(F)cc3)CC2)cc1,moperone
COc1ccc(C(=O)CC(=O)c2ccc(C(C)(C)C)cc2)cc1,avobenzone
CCOc1cc2ncc(C#N)c(Nc3ccc(OCc4ccccn4)c(Cl)c3)c2cc1NC(=O)/C=C/CN(C)C,neratinib
CN(C)C(=N)NC(=N)N,metformin
O=C1NC(=O)C(c2ccccc2)(c2cccs2)N1,phethenylate
CO[C@H]1C[C@H](O[C@H]2CC[C@]3(C=O)[C@H]4CC[C@]5(C)[C@@H](C6=CC(=O)OC6)CC[C@]5(O)[C@@H]4CC[C@]3(O)C2)O[C@H](C)[C@H]1O,cymarin
NC(=O)N1c2ccccc2C=Cc2ccccc21,carbamazepine
O=C1Nc2ccccc2C1(c1ccc(O)cc1)c1ccc(O)cc1,oxyphenisatine
O=[N+]([O-])O[Hg]c1ccccc1,phenylmercuric nitrate
CN(C)CC/C=C1/c2ccccc2COc2ccc(CC(=O)O)cc21,olopatadine
CC/C=C\C/C=C\C/C=C\C/C=C\C/C=C\CCCC(=O)O,eicosapentaenoic acid
CC(C)CC(N(C)C)C1(c2ccc(Cl)cc2)CCC1,sibutramine
CCCN(CCC)C(=O)C(CCC(=O)O)NC(=O)c1ccccc1,proglumide
N=C(N)NCCCCCCC(=O)NC(O)C(=O)NCCCCNCCCN,gusperimus
Nc1cccc2c1C(=O)N(C1CCC(=O)NC1=O)C2=O,pomalidomide
CCCc1nc(C)c2c(=O)[nH]c(-c3cc(S(=O)(=O)N4CCN(CC)CC4)ccc3OCC)nn12,vardenafil
Clc1ccc(CO/N=C(\Cn2ccnc2)c2ccc(Cl)cc2Cl)c(Cl)c1,oxiconazole
N[C@@H](CCC(=O)N[C@@H](CS)C(=O)NCC(=O)O)C(=O)O,glutathione
O=C(Nc1ccccc1)OCC1(COC(=O)Nc2ccccc2)CCCC1,cyclarbamate
CC(=O)Oc1ccc(C(=C2CCCCC2)c2ccc(OC(C)=O)cc2)cc1,cyclofenil
Cc1ccc(-c2ncc(Cl)cc2-c2ccc(S(C)(=O)=O)cc2)cn1,etoricoxib
Cc1ncc([N+](=O)[O-])n1CC(O)CN1CCOCC1,morinidazole
CN(C(=O)c1c(O)c2ccccc2n(C)c1=O)c1ccccc1,roquinimex
COc1ccc(Cl)cc1C(=O)NCCc1ccc(S(=O)(=O)NC(=O)NC2CCCCC2)cc1,glibenclamide
C#CCOc1ccc(N)cc1C(=O)NCCCC,parsalmide
CCCC[C@@H](O)/C=C(C)/C=C/C=C/C(=O)N1CCCC1=O,pecilocin
Cc1cc(CCCOc2c(C)cc(-c3noc(C(F)(F)F)n3)cc2C)on1,pleconaril
Cc1ccc(S(=O)(=O)NC(=O)NC2CCCCC2)cc1N,metahexamide
CNC(=C[N+](=O)[O-])NCCSCc1csc(CN(C)C)n1,nizatidine
O=C(O)c1ccc(-n2nc(-c3ccccc3O)nc2-c2ccccc2O)cc1,deferasirox
COC(=O)C1=C(C)NC(C)=C(C(=O)O[C@H]2CCN(Cc3ccccc3)C2)[C@H]1c1cccc([N+](=O)[O-])c1,barnidipine
O=C(CCCN1CCN2Cc3[nH]c4ccccc4c3CC2C1)c1ccc(F)cc1,biriperone
COc1ccc(CCN2CCC(Nc3nc4ccccc4n3Cc3ccc(F)cc3)CC2)cc1,astemizole
Cc1nnc(C(C)C)n1[C@H]1C[C@H]2CC[C@@H](C1)N2CC[C@H](NC(=O)C1CCC(F)(F)CC1)c1ccccc1,maraviroc
CCOC(=O)Nc1ccc(NCc2ccc(F)cc2)cc1N,retigabine
Cc1ccc2c(Cl)cc(Cl)c(O)c2n1,chlorquinaldol
CCOC(=O)O[C@]1(C(=O)OCCl)CC[C@H]2[C@@H]3CCC4=CC(=O)C=C[C@]4(C)[C@H]3[C@@H](O)C[C@@]21C,loteprednol etabonate
Nc1ncnc(Nc2ccc(Cl)cc2)n1,chlorazanil
O=C1[C@@H]2[C@H]3CC[C@H](C3)[C@@H]2C(=O)N1C[C@@H]1CCCC[C@H]1CN1CCN(c2nsc3ccccc23)CC1,lurasidone
O=C(NCN1CCOCC1)c1cnccn1,morinamide
[99Mo],Molybdenum Mo-99
O=CCCCC=O,glutaral
CCOC(=O)C(C)(C)Oc1ccc(Cl)cc1,clofibrate
CN1[C@@H]2CC[C@H]1C[C@@H](OC(=O)[C@H](CO)c1ccccc1)C2,hyoscyamine
C#C[C@]1(O)CC[C@H]2[C@@H]3CCc4cc(OS(=O)(=O)C(C)C)ccc4[C@H]3CC[C@@]21C,ethinylestradiol sulfonate
CCCCCCCCCCCCCCCC(=O)OC1CCCn2c1nc(C)c(CCN1CCC(c3noc4cc(F)ccc34)CC1)c2=O,paliperidone palmitate
C=CCC1(C(C)C)C(=O)NC(=O)NC1=O,aprobarbital
CCN[C@@H](C)Cc1cccc(C(F)(F)F)c1,dexfenfluramine
C[C@@H]1CCO[C@H]2Cn3cc(C(=O)NCc4ccc(F)cc4F)c(=O)c(O)c3C(=O)N12,dolutegravir
CC(C)NC(C)Cc1ccc([123I])cc1,Iofetamine (123I)
C[C@H]1CNCCCN1S(=O)(=O)c1cccc2cncc(F)c12,ripasudil
CC[C@@H]([C@H](C)O)n1ncn(-c2ccc(N3CCN(c4ccc(OC[C@@H]5CO[C@@](Cn6cncn6)(c6ccc(F)cc6F)C5)cc4)CC3)cc2)c1=O,posaconazole
O=C(O)c1cc(O)c2c(c1)O[Bi](O)O2,bismuth subgallate
CC(C)C[C@H](NC(=O)[C@H](Cc1c[nH]c2ccccc12)NC(=O)[C@H](CCCCN)NC(=O)[C@@H](NC(=O)[C@H](Cc1ccccc1)NC(=O)[C@H](CCC(=O)O)NC(=O)[C@H](CCC(=O)O)NC(=O)[C@H](C)NC(=O)[C@H](CCCNC(=N)N)NC(=O)[C@H](C)NC(=O)C(C)(C)NC(=O)[C@H](CC(=O)O)NC(=O)[C@H](CC(C)C)NC(=O)[C@H](Cc1ccc(O)cc1)NC(=O)[C@H](CCCCN)NC(=O)[C@H](CO)NC(=O)[C@H](Cc1ccc(O)cc1)NC(=O)[C@H](CC(=O)O)NC(=O)[C@H](CO)NC(=O)[C@@H](NC(=O)[C@H](Cc1ccccc1)NC(=O)[C@@H](NC(=O)CNC(=O)[C@H](CCC(N)=O)NC(=O)[C@H](CO)NC(=O)[C@@H](N)Cc1c[nH]cn1)[C@@H](C)O)[C@@H](C)O)C(C)C)C(=O)N[C@@H](CCC(=O)O)C(=O)N[C@@H](CO)C(=O)N[C@H](C(=O)O)[C@@H](C)O,dasiglucagon
COc1ccc2nc(S(=O)Cc3ncc(C)c(OC)c3C)[nH]c2c1,omeprazole
CC(C)(CO)[C@@H](O)C(=O)NCCC(=O)O,calcium pantothenate
CC(C)CCOC(=O)C(N)c1ccccc1,phenamacide
Oc1c(Cl)cc(Cl)c2cccnc12,chloroxine
CN(C)CCN1C(=O)CC(c2ccccc2)Sc2ccccc21,tiazesim
C#CCN(C)[C@H](C)Cc1ccccc1,selegiline
OC(CN1CCCCC1)c1cc(-c2ccccc2)on1,perisoxal
C[C@]12CC[C@H]3[C@@H](CCC4=C(Cl)C(=O)CC[C@@]43C)[C@@H]1CC[C@@H]2O,clostebol
Clc1ccc(Cn2c(CN3CCCC3)nc3ccccc32)cc1,clemizole
C[Se]CC[C@H](N)C(=O)O,selenomethionine
CC(=O)O[C@]1(C(C)=O)CC[C@H]2[C@@H]3CCC4=CC(=O)CCC4=C3[C@@H](c3ccc(N(C)C)cc3)C[C@@]21C,ulipristal
c1ccc(-c2ccc(C(c3ccccc3)n3ccnc3)cc2)cc1,bifonazole
N[14C](N)=O,UREA C 14
NC(=O)NS(=O)(=O)c1ccc(N)cc1,sulfacarbamide
CCCOC(=O)Cc1ccc(OCC(=O)N(CC)CC)c(OC)c1,propanidid
CN(C)CC(Oc1ccccc1)Oc1ccccc1,medifoxamine
CC(Cc1ccccc1)/N=C/C(Cl)(Cl)Cl,amfecloral
CCOC(=O)COc1ccc2c(C)c(CCN(CC)CC)c(=O)oc2c1,carbocromen
Cc1ccc(Cl)c(OCC(O)CNC(C)(C)C)c1,bupranolol
CO/N=C1\C[C@]2(C[C@@H]3C[C@@H](C/C=C(\C)C[C@@H](C)/C=C/C=C4\CO[C@@H]5[C@H](O)C(C)=C[C@@H](C(=O)O3)[C@]45O)O2)O[C@H](/C(C)=C/C(C)C)[C@H]1C,moxidectin
Cc1ccc(C(CCN(C)C)c2ccccc2)cc1,tolpropamine
CCCCc1nc(C)c(CC(=S)N(C)C)c(=O)n1Cc1ccc(-c2ccccc2-c2nnn[nH]2)cc1,fimasartan
CCc1c2c(nc3ccc(OC(=O)N4CCC(N5CCCCC5)CC4)cc13)-c1cc3c(c(=O)n1C2)COC(=O)[C@]3(O)CC,irinotecan
COc1ccc(CNc2nc(N3CCC[C@H]3CO)ncc2C(=O)NCc2ncccn2)cc1Cl,avanafil
CN[C@H]1C(=O)N[C@@H]2Cc3ccc(cc3)Oc3cc4cc(c3O[C@@H]3O[C@H](C(=O)O)[C@@H](O)[C@H](O)[C@H]3NC(=O)CCCCCCCCC(C)C)Oc3ccc(cc3Cl)[C@@H](O)[C@@H]3NC(=O)[C@H](NC(=O)[C@@H]4NC(=O)[C@@H](NC2=O)c2cc(cc(O)c2Cl)Oc2cc1ccc2O)c1ccc(O)c(c1)-c1c(O[C@H]2O[C@H](CO)[C@@H](O)[C@H](O)[C@@H]2O)cc(O)cc1[C@@H](C(=O)NCCCN(C)C)NC3=O,dalbavancin
N[C@@H](CC(=O)O)C(=O)O,aspartic acid
COc1ccc(CC(C)NCC(O)c2ccc(O)c(NC=O)c2)cc1,formoterol
CCC(C(=O)O)C1(O)CCC(c2ccccc2)CC1,fencibutirol
C#CCN1C(=O)CN=C(c2ccccc2)c2cc(Cl)ccc21,pinazepam
CCCCN(CCCC)CCCOC(=O)c1ccc(N)cc1,butacaine
C[C@]12CC[C@H]3[C@@H](CCC4=CC(=O)CC[C@@]43C)[C@@H]1CC[C@@H]2C(=O)CO,desoxycortone
OC(CCN1CCCC1)(c1ccccc1)C1CCCCC1,procyclidine
CN[C@@H]1[C@@H](O)[C@@H](O[C@@H]2[C@@H](O)[C@H](O[C@H]3OC(CN)=CC[C@H]3N)[C@@H](N)C[C@H]2N)OC[C@]1(C)O,sisomicin
CC(=O)Nc1ccc(OCC(O)CNC(C)C)cc1,practolol
Clc1ccc2c(c1)C(N1CCNCC1)=Nc1ccccc1O2,amoxapine
COc1ccc(C2C(=O)c3ccccc3C2=O)cc1,anisindione
CN(CCCN1c2ccccc2CCc2ccccc21)CC(=O)c1ccc(Cl)cc1,lofepramine
COc1cccc2c1C(=O)c1c(O)c3c(c(O)c1C2=O)C[C@@](O)(C(C)=NNC(=O)c1ccccc1)C[C@@H]3O[C@H]1C[C@H](N)[C@H](O)[C@H](C)O1,zorubicin
CCCCCCCCNC(=N)NC(=N)NCc1ccc(Cl)c(Cl)c1,olanexidine
CC1=C(/C=C/C(C)=C/C=C/C(C)=C/C=C/C=C(C)/C=C/C=C(C)/C=C/C2=C(C)CCCC2(C)C)C(C)(C)CCC1,betacarotene
OC(c1ccc(Cl)cc1)c1cc2ccccc2o1,cloridarol
CN(C)[C@H](Cc1ccccc1)c1ccccc1,lefetamine
CNC(=O)c1c(I)c(NC(C)=O)c(I)c(C(=O)O)c1I,iotalamic acid
CC(C)(C)NCC(O)COc1cccc2c1CCC(=O)N2,carteolol
C[C@H](NCc1ccc(OCc2cccc(F)c2)cc1)C(N)=O,safinamide
CN[C@@H]1[C@H](O[C@H]2[C@H](O[C@H]3[C@H](O)[C@@H](O)[C@H](NC(=N)N)[C@@H](O)[C@@H]3NC(=N)N)O[C@@H](C)[C@]2(O)C=O)O[C@@H](CO)[C@H](O[C@H]2O[C@@H](CO)[C@@H](O)[C@H](O)[C@@H]2O)[C@H]1O,Streptomycin B
C[N+](C)(C)CCCCC[N+](C)(C)C,pentamethonium bromide
C=C1CCN([C@H](C)[C@](O)(Cn2cncn2)c2ccc(F)cc2F)CC1,efinaconazole
Oc1cc(O)cc(O)c1,phloroglucinol
NNc1cc2c(nn1)CCN(C(=O)c1ccccc1)C2,endralazine
O=C(CCNNC(=O)c1ccncc1)NCc1ccccc1,nialamide
Nc1ncnc2nc[nH]c12,adenine
C=C1C[C@H]2[C@@H]3CCC4=CC(=O)C=C[C@]4(C)[C@@]3(F)[C@@H](O)C[C@]2(C)[C@@]1(O)C(=O)CO,fluprednidene
CCOC(=O)[C@@H](N)Cc1ccc(-c2cc(O[C@H](c3ccc(Cl)cc3-n3ccc(C)n3)C(F)(F)F)nc(N)n2)cc1,telotristat ethyl
C[C@]12C=CC(=O)C=C1CC[C@H]1[C@@H]3C[C@@H](O)[C@](O)(C(=O)CO)[C@@]3(C)C[C@H](O)[C@@]12F,triamcinolone
N=C(N)NCCC[C@@H](N)C(=O)N[C@@H](CCCNC(=N)N)C(=O)N1CCC[C@H]1C(=O)N1C[C@H](O)C[C@H]1C(=O)NCC(=O)N[C@@H](Cc1cccs1)C(=O)N[C@@H](CO)C(=O)N1Cc2ccccc2C[C@@H]1C(=O)N1[C@H](C(=O)N[C@@H](CCCNC(=N)N)C(=O)O)C[C@@H]2CCCC[C@@H]21,icatibant
CCN(CC)CC(=O)Nc1c(C)cc(C)cc1C,trimecaine
C[C@@H]1C[C@H]2[C@@H]3C[C@H](F)C4=CC(=O)C=C[C@]4(C)[C@@]3(F)[C@@H](O)C[C@]2(C)[C@@]1(OC(=O)c1ccco1)C(=O)SCF,fluticasone furoate
CC(C=C(c1cccs1)c1cccs1)N(C)C,dimethylthiambutene
CCc1cc2c(cc1CC)CC(NC[C@H](O)c1ccc(O)c3[nH]c(=O)ccc13)C2,indacaterol
C#C[C@]1(O)CC[C@H]2[C@@H]3CCC4=CC(=O)CCC4=C3C=C[C@@]21CC,gestrinone
CCCCC1OC(=O)c2ccccc21,butylphthalide
COC(=O)[C@H]1[C@H]2C[C@@H]3c4[nH]c5ccccc5c4CCN3C[C@H]2C[C@@H](OC(=O)c2cc(OC)c(OC)c(OC)c2)[C@@H]1OC,deserpidine
CN[C@@H]1[C@H](O)[C@H](NC)[C@H]2O[C@@]3(O)C(=O)C[C@@H](C)O[C@H]3O[C@@H]2[C@H]1O,spectinomycin
CCCCNCC(=O)Nc1c(C)cccc1Cl,butanilicaine
C[N+](C)(C)CCOP(=O)([O-])O,phosphorylcholine
OCC1(O)OC[C@@H](O)[C@@H](O)[C@@H]1O,fructose
Oc1cc(O)c2c(c1)O[C@H](c1ccc(O)c(O)c1)[C@@H](O)C2,cianidanol
CCNC(C)C(O)c1ccc(O)c(O)c1,dioxethedrin
CCN(CC)C(=O)c1ccccc1C(=O)N(CC)CC,tetraethylphthalamide
Cn1cc(C(=O)[C@@H]2CCc3nc[nH]c3C2)c2ccccc21,ramosetron
Cc1cc2c(cc1CC(=O)c1sccc1S(=O)(=O)Nc1onc(C)c1Cl)OCO2,sitaxentan
O=c1n(Cl)c(=O)n(Cl)c(=O)n1Cl,symclosene
NC(CCCN1C(=O)NC(c2ccccc2)(c2ccccc2)C1=O)C(=O)O,amino(diphenylhydantoin) valeric acid
CCNC(=O)[C@@H]1CCCN1C(=O)[C@H](CCCNC(=N)N)NC(=O)[C@H](CC(C)C)NC(=O)[C@@H](Cc1cn(Cc2ccccc2)cn1)NC(=O)[C@H](Cc1ccc(O)cc1)NC(=O)[C@H](CO)NC(=O)[C@H](Cc1c[nH]c2ccccc12)NC(=O)[C@H](Cc1c[nH]cn1)NC(=O)[C@@H]1CCC(=O)N1,histrelin
O=C(O)CCC(=O)Nc1ccc(S(=O)(=O)Nc2nccs2)cc1,succinylsulfathiazole
O=c1c(O)c(-c2ccc(O)c(O)c2)oc2cc(O)cc(O)c12,quercetin
CC(=O)N[C@H](CSSC[C@H](N)C(=O)O)C(=O)N[C@H](C)C(=O)N[C@H](CCCNC(=N)N)C(=O)N[C@H](CCCNC(=N)N)C(=O)N[C@H](CCCNC(=N)N)C(=O)N[C@H](C)C(=O)N[C@H](CCCNC(=N)N)C(N)=O,etelcalcetide
CCN(CC)CCCNc1cc(OC)cc2cccnc12,rhodoquine
CN(C)CCN1c2ccccc2Sc2ccc(Cl)cc21,chlorfenethazine
CCN[C@@H]1C[C@H](N)[C@@H](OC2O[C@H](CN)CC[C@H]2N)[C@H](O)[C@H]1O[C@H]1OC[C@](C)(O)[C@H](NC)[C@H]1O,etimicin
CNCC12CCC(c3ccccc31)c1ccccc12,benzoctamine
N=C(N)c1ncn([C@@H]2O[C@H](CO)[C@@H](O)[C@H]2O)n1,taribavirin
CC(O)(C(N)=O)c1ccccc1,atrolactamide
CCCCCCC(COC(=O)c1cccnc1)(COC(=O)c1cccnc1)COC(=O)c1cccnc1,hepronicate
CN[C@H](CC(C)C)C(=O)N[C@H]1C(=O)N[C@@H](CC(N)=O)C(=O)N[C@H]2C(=O)N[C@H]3C(=O)N[C@H](C(=O)N[C@H](C(=O)O)c4cc(O)cc(O)c4-c4cc3ccc4O)[C@H](O)c3ccc(c(Cl)c3)Oc3cc2cc(c3O[C@@H]2O[C@H](CO)[C@@H](O)[C@H](O)[C@H]2O[C@H]2C[C@](C)(N)[C@H](O)[C@H](C)O2)Oc2ccc(cc2Cl)[C@H]1O,vancomycin
C=N[C@@H](C(=O)N[C@@H]1C(=O)N2[C@@H]1SC(C)(C)[C@@H]2C(=O)O)c1ccccc1,metampicillin
CCOC(=O)C(CC)(C(=O)NCCN(CC)CC)c1ccccc1,fenalamide
NC(CC(O)COc1cccc2ccccc12)=NO,nadoxolol
O=c1n(CCCN2CCN(c3cccc(Cl)c3)CC2)nc2ccccn12,trazodone
CC[C@H](C)[C@@H]1NC(=O)[C@H](Cc2ccc(O)cc2)NC(=O)CCCCC[C@@H](C(=O)NCC(=O)N[C@@H](CC(C)C)C(=O)NCC(N)=O)NC(=O)[C@H](CC(N)=O)NC(=O)[C@H](CCC(N)=O)NC1=O,cargutocin
O=C(O)c1cc(N=Nc2ccc(O)c(C(=O)O)c2)ccc1O,olsalazine
COC(=O)N[C@H](C(=O)N1CCC[C@H]1c1ncc(-c2ccc(-c3ccc(-c4cnc([C@@H]5CCCN5C(=O)[C@@H](NC(=O)OC)C(C)C)[nH]4)cc3)cc2)[nH]1)C(C)C,daclatasvir
Cc1cccc(C)c1NC(=O)C1CCCCN1C,mepivacaine
O=C(N/N=C/[C@H](O)[C@H]1OC(=O)[C@@H](O)[C@H]1O)c1ccncc1,glyconiazide
C=C(Br)CC1(C(C)C)C(=O)NC(=O)NC1=O,propallylonal
Cc1cc(CCN2CCN(c3cccc(Cl)c3)CC2)n[nH]1,mepiprazole
Cc1cnc(C(=O)N[C@H]2CCCCC/C=C\[C@@H]3C[C@@]3(C(=O)NS(=O)(=O)C3CC3)NC(=O)[C@@H]3C[C@@H](Oc4nc5ccccc5c5ccccc45)CN3C2=O)cn1,paritaprevir
C[N+]1(C)[C@@H]2CC[C@H]1C[C@H](OC(=O)[C@@H](CO)c1ccccc1)C2,methylatropine
Nc1nc2ccc(OC(F)(F)F)cc2s1,riluzole
CCS(=O)(=O)N1CC(CC#N)(n2cc(-c3ncnc4[nH]ccc34)cn2)C1,baricitinib
C[N+](C)(C)CC[N+]1(C)Cc2c(Cl)c(Cl)c(Cl)c(Cl)c2C1,chlorisondamine
Cc1ccc(C(=O)C(C)CN2CCCCC2)cc1,tolperisone
CC(C)NC[C@H](O)COc1ccc(CCOCC2CC2)cc1,levobetaxolol
CC/C=C\C/C=C\C/C=C\C/C=C\C/C=C\CCCC(=O)OCC,icosapent ethyl
CO[C@@]1(NC(=O)C(C(=O)O)c2ccsc2)C(=O)N2[C@@H](C(=O)O)C(C)(C)S[C@@H]21,temocillin
N#Cc1ccc(C(c2ccc(C#N)cc2)n2cncn2)cc1,letrozole
CCN(CC)C(=S)SSC(=S)N(CC)CC,disulfiram
CCCCC(CC)CN1CN(CC(CC)CCCC)CC(C)(N)C1,hexetidine
C[C@@H](N)Cc1ccccc1,levamfetamine
CNCC[C@H](Oc1cccc2ccccc12)c1cccs1,duloxetine
CCCCCCCCCCCCCCCCCCOP(=O)(O)OC[C@H]1O[C@@H](n2ccc(N)nc2=O)[C@@H](O)[C@@H]1O,cytarabine ocfosfate
Cc1cc(=O)oc2cc(O)c(OCC(=O)O)cc12,metesculetol
C=C(C)[C@H]1CN[C@H](C(=O)O)[C@H]1CC(=O)O,kainic acid
Cn1nnnc1SCC1=C(C(=O)O)N2C(=O)[C@@H](NC(=O)[C@H](O)c3ccccc3)[C@H]2SC1,cefamandole
CCC1(c2cccc(O)c2)CCCCN(C)C1,meptazinol
C[C@H]1COc2c(C3(N)CC3)c(F)cc3c(=O)c(C(=O)O)cn1c23,pazufloxacin
CCCN=C1S/C(=C\c2ccc(OC[C@H](O)CO)c(Cl)c2)C(=O)N1c1ccccc1C,ponesimod
CC(C)NCC1CCc2cc(CO)c([N+](=O)[O-])cc2N1,oxamniquine
COc1cc(N)c(Cl)cc1C(=O)NC1CCN(Cc2ccccc2)CC1,clebopride
CC1(C)CCC(CN2CCN(c3ccc(C(=O)NS(=O)(=O)c4ccc(NCC5CCOCC5)c([N+](=O)[O-])c4)c(Oc4cnc5[nH]ccc5c4)c3)CC2)=C(c2ccc(Cl)cc2)C1,venetoclax
CC(=O)OCC1=C(C(=O)O)N2C(=O)[C@@H](NC(=O)Cc3cccs3)[C@H]2SC1,cefalotin
CCCCOC(=O)CCC(=O)OCCCC,dibutylsuccinate
COc1ccc2nc([S@@](=O)Cc3ncc(C)c(OC)c3C)[nH]c2c1,esomeprazole
Nc1cc(Cl)c(NC2=NCCN2)c(Cl)c1,apraclonidine
O=C1CC[C@@]2(O)[C@H]3Cc4ccc(O)c5c4[C@@]2(CCN3CC2CC2)[C@H]1O5,naltrexone
CCCC(CCC)C(N)=O,valpromide
O=S(=O)(O)c1cc(O)c2c(/N=N/c3ccc(Nc4ccccc4)c4c(S(=O)(=O)O)cccc34)cc(S(=O)(=O)O)cc2c1,anazolene
CC(C)CN(C[C@@H](O)[C@H](Cc1ccccc1)NC(=O)O[C@H]1CCOC1)S(=O)(=O)c1ccc(N)cc1,amprenavir
CCN(CC)CCc1nc(-c2ccccc2)no1,oxolamine
CO[C@@H]1[C@@H](O[C@@H]2O[C@H](C)[C@@H](O[C@H]3C[C@@](C)(O)[C@@H](O)[C@H](C)O3)[C@H](N(C)C)[C@H]2O)[C@@H](CC=O)C[C@@H](C)[C@@H](O[C@H]2CC[C@H](N(C)C)[C@@H](C)O2)/C=C/C=C/C[C@@H](C)OC(=O)C[C@H]1OC(C)=O,Spiramycin II
COc1cc(C(=O)NCc2ccc(OCCN(C)C)cc2)cc(OC)c1OC,trimethobenzamide
O=C(Oc1ccc2c(c1)CCCN2C(=O)C(Cl)Cl)c1ccco1,quinfamide
N[C@@H](Cc1cc(I)c(Oc2cc(I)c(O)c(I)c2)c(I)c1)C(=O)O,levothyroxine
C[N+]1([O-])[C@@H]2CC[C@H]1C[C@@H](OC(=O)C(CO)c1ccccc1)C2,atropine oxyde
CCCCOCC(CN1C(=O)NC(=O)C(CC)(c2ccccc2)C1=O)OC(N)=O,febarbamate
CC1=C(/C=C/C(C)=C/C=C/C(C)=C/CO)C(C)(C)CCC1,retinol
Cc1ccc(C(=O)c2cc(O)c(O)c([N+](=O)[O-])c2)cc1,tolcapone
CN(CCN1CCC(OC(=O)Nc2ccccc2-c2ccccc2)CC1)C(=O)c1ccc(CN2CCC(C(N)=O)CC2)cc1,revefenacin
COc1cc(C(=O)N2CCOCC2)cc(OC)c1OC,trimetozine
CN(Cc1cnc2nc(N)nc(N)c2n1)c1ccc(C(=O)N[C@@H](CCC(=O)O)C(=O)O)cc1,methotrexate
CCC(=O)OCC(=O)[C@@]1(OC(=O)CC)[C@@H](C)C[C@H]2[C@@H]3CCC4=CC(=O)C=C[C@]4(C)[C@@]3(Cl)[C@@H](O)C[C@@]21C,beclometasone dipropionate
CCC(=O)O[C@@H]1CC(=O)O[C@H](C)C/C=C/C=C/[C@H](O)[C@H](C)C[C@H](CC=O)[C@H](O[C@@H]2O[C@H](C)[C@@H](O[C@H]3C[C@@](C)(O)[C@@H](OC(=O)CC)[C@H](C)O3)[C@H](N(C)C)[C@H]2O)[C@H]1OC,mydecamycin
CC/C=C\C/C=C\C/C=C\CCCCCCCC(=O)O,linolenic acid
CCN(CC)CCOC(=O)c1ccc(N)cc1,procaine
Cc1ccc(OCC(O)CNC(C)(C)C)c2oc(=O)ccc12,bucumolol
CC1COC2(c3ccccc3Cl)c3cc(Cl)ccc3NC(=O)CN12,mexazolam
CC(CCc1ccc2c(c1)OCO2)NCC(O)c1ccc(O)c(C(N)=O)c1,medroxalol
CN1C(=O)C[C@@H](C(=O)N[C@@H](Cc2cnc[nH]2)C(=O)N2CCCC2C(N)=O)NC1=O,taltirelin
C[C@@H]1[C@H](O)[C@@H](C)/C=C/C=C/C=C/C=C/C=C/C=C/C=C/[C@H](O[C@@H]2O[C@H](C)[C@@H](O)[C@H](N)[C@@H]2O)C[C@@H]2O[C@](O)(C[C@@H](O)C[C@@H](O)[C@H](O)CC[C@@H](O)C[C@@H](O)CC(=O)O[C@H]1C)C[C@H](O)[C@H]2C(=O)O,amphotericin B
NC(=O)c1cccnc1,nicotinamide
COc1ccc(/C(C)=C/C(=O)O)c(OC)c1,dimecrotic acid
COc1ccc(C=CC(=O)c2ccc(OC)cc2OC)cc1,metochalcone
CCOc1ccc(Cc2cc([C@@H]3O[C@H](SC)[C@@H](O)[C@H](O)[C@H]3O)ccc2Cl)cc1,sotagliflozin
C(=C/c1ccccc1)\CN1CCN(C(c2ccccc2)c2ccccc2)CC1,cinnarizine
Nc1nc2c(ncn2COCCO)c(=O)[nH]1,acyclovir
CN(C)[C@@H]1C(O)=C(C(N)=O)C(=O)[C@@]2(O)C(O)=C3C(=O)c4c(O)cccc4[C@@](C)(O)[C@H]3[C@H](O)[C@@H]12,oxytetracycline
COc1cc(C(=O)NCCCCCC(=O)O)cc(OC)c1OC,capobenic acid
NCCS,mercaptamine
O=C1CN=C(c2ccccc2)c2c(sc3c2CCCC3)N1,bentazepam
CC[C@@]1(O)C(=O)OCc2c1cc1n(c2=O)Cc2c-1nc1ccccc1c2CCNC(C)C,belotecan
CCC(=O)Oc1ccc2c(c1)CC[C@@H]1[C@@H]2CC[C@]2(C)[C@@H](OC(=O)CC)CC[C@@H]12,estradiol dipropionate
O=C(OCC(O)CO)c1ccccc1Nc1ccnc2c(C(F)(F)F)cccc12,floctafenine
CCCCCCCCCCCCCCCC(=O)OC[C@H](COP(=O)([O-])OCC[N+](C)(C)C)OC(=O)CCCCCCCCCCCCCCC,colfosceril palmitate
N#Cc1ccnc(N2C(=O)CC[C@H]2C(=O)N(c2cncc(F)c2)[C@H](C(=O)NC2CC(F)(F)C2)c2ccccc2Cl)c1,ivosidenib
CC[C@H](C)[C@H](NC(=O)[C@H](CCC(=O)O)NC(=O)[C@H](CO)NC(=O)[C@H](CO)NC(=O)[C@@H](NC(=O)[C@H](CC(=O)O)NC(=O)[C@@H](NC(=O)[C@H](C)NC(=O)[C@H](C)NC(=O)[C@H](CC(=O)O)NC(=O)[C@H](CO)NC(C)=O)C(C)C)[C@@H](C)O)C(=O)N[C@H](C(=O)N[C@H](C(=O)N[C@@H](CCCCN)C(=O)N[C@@H](CC(=O)O)C(=O)N[C@@H](CC(C)C)C(=O)N[C@@H](CCCCN)C(=O)N[C@@H](CCC(=O)O)C(=O)N[C@@H](CCCCN)C(=O)N[C@@H](CCCCN)C(=O)N[C@@H](CCC(=O)O)C(=O)N[C@H](C(=O)N[C@H](C(=O)N[C@@H](CCC(=O)O)C(=O)N[C@@H](CCC(=O)O)C(=O)N[C@@H](C)C(=O)N[C@@H](CCC(=O)O)C(=O)N[C@@H](CC(N)=O)C(=O)O)C(C)C)C(C)C)[C@@H](C)O)[C@@H](C)O,thymalfasin
c1ccc2c(SC3=NCCN3)c[nH]c2c1,tinazoline
Oc1c(I)cc(I)c2cccnc12,diiodohydroxyquinoline
CC(=O)CCC=C(C)CC/C=C(\C)CC/C=C(\C)CCC=C(C)C,teprenone
CCCc1nc(C(C)(C)O)c(C(=O)OCc2oc(=O)oc2C)n1Cc1ccc(-c2ccccc2-c2nnn[nH]2)cc1,olmesartan medoxomil
CC(C)(C)NCC(O)COc1ccc(NC(=O)NC2CCCCC2)cc1,talinolol
Oc1c(Br)cc(Br)c2cccnc12,broxyquinoline
CN(C)CCCNc1c2ccccc2nc2cccc([N+](=O)[O-])c12,nitracrine
O=C(O)CN(CC(=O)O)Cc1cc2c(cc1O)Oc1cc(O)c(CN(CC(=O)O)CC(=O)O)cc1C21OC(=O)c2ccccc21,oftasceine
Clc1ccccc1CN1CCc2sccc2C1,ticlopidine
CC(=O)OCC(=O)NCCCOc1cccc(CN2CCCCC2)c1,roxatidine acetate
CC(N)C(O)c1ccccc1,phenylpropanolamine
CCOC(=O)C1=C(C)NC(C)=C(C(=O)OC)[C@@H]1c1cccc([N+](=O)[O-])c1,(S)-nitrendipine
Oc1ccc(CCCCNC[C@H](O)c2ccc(O)c(O)c2)cc1,arbutamine
N[C@@H](CC(=O)N1CCc2c(nc(C(F)(F)F)nc2C(F)(F)F)C1)CN1CC(F)(F)CCC1=O,gemigliptin
C#CC(OC(N)=O)c1ccccc1,carfimate
CN1CCC[C@@H]1CCO[C@](C)(c1ccccc1)c1ccc(Cl)cc1,clemastine
CN(C)CCn1cnc2c1c(=O)n(C)c(=O)n2C,dimethazan
CCOc1nc2cccc(C(=O)OCc3oc(=O)oc3C)c2n1Cc1ccc(-c2ccccc2-c2noc(=O)[nH]2)cc1,azilsartan medoxomil
C#C[C@]1(O)CC[C@H]2[C@@H]3[C@H](C)CC4=C(CCC(=O)C4)[C@H]3CC[C@@]21C,tibolone
CC(C)[C@@]1(NC(=O)[C@@H]2C[C@@H]3c4cccc5[nH]cc(c45)C[C@H]3N(C)C2)O[C@@]2(O)[C@@H]3CCCN3C(=O)[C@H](Cc3ccccc3)N2C1=O,dihydroergocristine
C[C@]1(COc2ccc(N3CCC(Oc4ccc(OC(F)(F)F)cc4)CC3)cc2)Cn2cc([N+](=O)[O-])nc2O1,delamanid
CC#CC(=O)N1CCC[C@H]1c1nc(-c2ccc(C(=O)Nc3ccccn3)cc2)c2c(N)nccn12,acalabrutinib
Cl[C@H]1[C@H](Cl)[C@@H](Cl)[C@@H](Cl)[C@H](Cl)[C@H]1Cl,lindane
C[C@H](N)Cc1ccccc1,dexamfetamine
CCC(=O)C(c1ccccc1)(c1ccccc1)C(C)CN(C)C,isomethadone
CN(C)CCN(Cc1cccs1)c1ccccc1,methaphenilene
ClC(Cl)=C(Cl)Cl,tetrachloroethylene
CN(C)Cc1nnc2n1-c1ccc(Cl)cc1C(c1ccccc1)=NC2,adinazolam
CCOc1ccccc1C(N)=O,ethenzamide
C[C@H]1NCc2cc(-c3ccc4c(=O)c(C(=O)O)cn(C5CC5)c4c3OC(F)F)ccc21,garenoxacin
NC(=O)Nc1ccc([As](=O)(O)O)cc1,carbarsone
CN(C)c1nc(N(C)C)nc(N(C)C)n1,altretamine
O=[N+]([O-])OC[C@@H](O[N+](=O)[O-])[C@@H](O[N+](=O)[O-])[C@H](O[N+](=O)[O-])[C@@H](CO[N+](=O)[O-])O[N+](=O)[O-],mannite hexanitrate
C[N+]1(Cc2ccc(-c3ccccc3)cc2)[C@@H]2CC[C@H]1C[C@@H](OC(=O)C(CO)c1ccccc1)C2,xenytropium
C[C@]12CC[C@H](O)CC1=CC[C@@H]1[C@@H]2CC[C@@]2(C)[C@H]1CC[C@]2(C)O,methandriol
Clc1ccc(CC(=CCN2CCCC2)c2ccccc2)cc1,pyrrobutamine
CN(CC(O)c1cccc(O)c1)c1nc2c(c(=O)n(C)c(=O)n2C)n1C,phentetramine
CC1(C)O[C@@H]2C[C@H]3[C@@H]4C[C@H](F)C5=CC(=O)C=C[C@]5(C)[C@@]4(F)[C@@H](O)C[C@]3(C)[C@]2(C(=O)CO)O1,fluocinolone acetonide
O=C(Cn1c(=O)sc2ccc(Cl)cc21)N1CCN(CCO)CC1,tiaramide
CC(C)NNC(=O)c1ccncc1,iproniazid
Cc1sc2ccccc2c1CC1=NCCN1,metizoline
COc1ccccc1OCC(O)COC(N)=O,methocarbamol
CNC(=O)c1ccccc1Sc1ccc2c(/C=C/c3ccccn3)n[nH]c2c1,axitinib
CCOc1cc([C@@H](CS(C)(=O)=O)N2C(=O)c3cccc(NC(C)=O)c3C2=O)ccc1OC,apremilast
O=C1NOCC1/N=C/c1ccc(/C=N/C2CONC2=O)cc1,terizidone
C[C@H](C(=O)O)c1ccc2oc(-c3ccc(F)cc3)nc2c1,flunoxaprofen
CCN(CCO)CCn1c(Cc2ccccc2)nc2c1c(=O)n(C)c(=O)n2C,bamifylline
C[C@H](Cc1ccc(O)c(O)c1)[C@@H](C)Cc1ccc(O)c(O)c1,masoprocol
C/C(=C(\CCOC(=O)C(C)C)SS/C(CCOC(=O)C(C)C)=C(/C)N(C=O)Cc1cnc(C)nc1N)N(C=O)Cc1cnc(C)nc1N,sulbutiamine
O=C(OCCN1CCCCC1)C(c1ccccc1)N1CCCCC1,dipiproverine
COc1ccc2c(C(=S)N(C)CC(=O)O)cccc2c1C(F)(F)F,tolrestat
CC(C)NCC(O)COc1ccc(COCCOC(C)C)cc1,bisoprolol
O=C(O)c1ccccc1Nc1cccc(C(F)(F)F)c1,flufenamic acid
CCCCOc1ccc(CC(=O)NO)cc1,bufexamac
ClC(Cl)(Cl)Cl,carbon tetrachloride
C=CCC1(CC(=C)Br)C(=O)NC(=O)NC1=O,brallobarbital
c1ccc2c(CCC3CCNCC3)c[nH]c2c1,indalpine
Clc1ccc2c(N3CCN(CCCN4CCN(c5ccnc6cc(Cl)ccc56)CC4)CC3)ccnc2c1,piperaquine
CCC(=O)OCC(=O)[C@@]1(OC(=O)CC)[C@H](C)C[C@H]2[C@H]3[C@H]([C@@H](O)C[C@@]21C)[C@@]1(C)C=CC(=O)C=C1C[C@H]3Cl,alclometasone dipropionate
O=C(OCCOCCO)c1ccccc1Nc1cccc(C(F)(F)F)c1,etofenamate
C[C@H]1O[C@@H](n2cc(F)c(=O)[nH]c2=O)[C@H](O)[C@@H]1O,doxifluridine
CC1(S(=O)(=O)O)CC(=O)c2ccccc2C1=O,menadione sodium bisulfite
O=[Zn],zinc oxide
OCCN(CCO)c1nc(N2CCCCC2)c2nc(N(CCO)CCO)nc(N3CCCCC3)c2n1,dipyridamole
NS(=O)(=O)c1ccc(NCc2ccccc2)cc1,benzylsulfamide
CC(=O)OCC(=O)[C@@]1(O)[C@H](OC(C)=O)C[C@H]2[C@@H]3CCC4=CC(=O)C=C[C@]4(C)[C@@]3(F)[C@@H](O)C[C@@]21C,triamcinolone diacetate
Cc1cc(=O)[nH]c(=S)[nH]1,methylthiouracil
CC(C(=O)O)c1ccc(C2CCCCC2)c2ccccc12,vedaprofen
CC[C@H](c1ccc(O)cc1)[C@@H](CC)c1ccc(O)cc1,hexestrol
CCCCOc1ccc(/N=N/c2ccc(N)nc2N)cn1,butazopyridine
CCC(=O)O[C@H](CC(=O)O)C[N+](C)(C)C,levocarnitine propionate
Cc1c(F)c(N2CCNC(C)C2)cc2c1c(=O)c(C(=O)O)cn2C1CC1,grepafloxacin
CCCCOc1ccc(C(=O)OCCOCCN(CC)CC)cc1N,betoxycaine
N=C(N)c1ccc(OCCCCCOc2ccc(C(=N)N)cc2)cc1,pentamidine
Cc1c2oc3c(C)ccc(C(=O)N[C@@H]4C(=O)N[C@H](C(C)C)C(=O)N5CCC[C@H]5C(=O)N(C)CC(=O)N(C)[C@@H](C(C)C)C(=O)O[C@@H]4C)c3nc-2c(C(=O)N[C@@H]2C(=O)N[C@H](C(C)C)C(=O)N3CCC[C@H]3C(=O)N(C)CC(=O)N(C)[C@@H](C(C)C)C(=O)O[C@@H]2C)c(N)c1=O,dactinomycin
CCN1C(=O)N(c2c(F)c(OC)cc(OC)c2F)Cc2cnc3[nH]c(CN4CCOCC4)cc3c21,pemigatinib
CC(C)(C)NCC(O)COc1cc(Cl)ccc1Cl,cloranolol
Cl[201Tl],thallous chloride Tl-201
NS(=O)(=O)c1cc2c(cc1C(F)(F)F)NCNS2(=O)=O,hydroflumethiazide
O=C(O)Cc1ccccc1,phenylacetic acid
O=C(O)CNC(=O)c1ccccc1[131I],iodohippurate sodium I131
CC#CCC(C)[C@H](O)/C=C/[C@@H]1[C@H]2C/C(=C/CCCC(=O)O)C[C@H]2C[C@H]1O,iloprost
CC1=CC(=O)c2ccccc2C1=O,menadione
C=CCOC(Cn1ccnc1)c1ccc(Cl)cc1Cl,enilconazole
C[N+]1(CC2CC2)[C@@H]2C[C@@H](OC(=O)[C@H](CO)c3ccccc3)C[C@H]1[C@@H]1O[C@@H]12,cimetropium
N#CC[C@H](C1CCCC1)n1cc(-c2ncnc3[nH]ccc23)cn1,ruxolitinib
Clc1ccc(CCC(Cn2ccnc2)Sc2c(Cl)cccc2Cl)cc1,butoconazole
CCOc1ccc(C[C@H]2NC(=O)CCSSC[C@@H](C(=O)N3CCC[C@H]3C(=O)N[C@@H](CCCN)C(=O)NCC(N)=O)NC(=O)[C@H](CC(N)=O)NC(=O)[C@H]([C@@H](C)O)NC(=O)[C@H]([C@@H](C)CC)NC2=O)cc1,atosiban
Cc1nccn1CCC(C(N)=O)(c1ccccc1)c1ccccc1,imidafenacin
COCCCOc1ccnc(CS(=O)c2nc3ccccc3[nH]2)c1C,rabeprazole
O=C(O)CC[C@H](NC(=O)N[C@@H](CCCCNC(=O)c1ccc([18F])nc1)C(=O)O)C(=O)O,piflufolastat F-18
CC(C)C[C@H](N)C(=O)O,leucine
CN(C)CCO,deanol
CC(C)Cc1ccc(C(C)C(=O)NCCO)cc1,mabuprofen
CC1(C)S[C@@H]2[C@H](NC(=O)C3(N)CCCCC3)C(=O)N2[C@H]1C(=O)O,cyclacillin
NC(=O)c1cc[n+](CC2=C(C(=O)[O-])N3C(=O)[C@@H](NC(=O)[C@@H](c4ccccc4)S(=O)(=O)O)[C@H]3SC2)cc1,cefsulodin
N[C@@H](CCC(=O)N[C@@H](CSSC[C@H](NC(=O)CC[C@H](N)C(=O)O)C(=O)NCC(=O)O)C(=O)NCC(=O)O)C(=O)O,oxiglutatione
CS(=O)(=O)OCCC(=O)N1CCN(C(=O)CCOS(C)(=O)=O)CC1,piposulfan
CCC(=O)O[C@]1(C(=O)CCl)[C@@H](C)C[C@H]2[C@@H]3CCC4=CC(=O)C=C[C@]4(C)[C@@]3(F)[C@@H](O)C[C@@]21C,clobetasol propionate
CCCCCCCCc1ccc(CCC(N)(CO)CO)cc1,fingolimod
CCN(CC)CC(C)(C)COC(=O)c1ccc(N)cc1,dimethocaine
NC(=O)c1nc(F)cnc1O,favipiravir
CC(=O)N(CC(O)CO)c1c(I)c(C(=O)NCC(O)CO)c(I)c(C(=O)NCC(O)CO)c1I,iohexol
CC(=O)OCC(=O)[C@H]1CC[C@H]2[C@@H]3CC=C4C[C@@H](O)CC[C@]4(C)[C@H]3CC[C@]12C,artisone acetate
COc1ccccc1OC(=O)C(C)c1ccc(CC(C)C)cc1,ibuprofen guaiacol ester
CCN(CC)C(=O)c1cccnc1,nikethamide
CC(=CC(=O)O)C1CCCCC1,cicrotoic acid
Cc1c(C(=O)Nc2ccc(N3C[C@@H](C)O[C@@H](C)C3)nc2)cccc1-c1ccc(OC(F)(F)F)cc1,sonidegib
CC(C)NC[C@H](O)COc1ccc(O)cc1,prenalterol
CCCCCCCCCCCCCCCC(=O)OCCC1CCN(CCCN2c3ccccc3Sc3ccc(S(=O)(=O)N(C)C)cc32)CC1,pipotiazine palmitate
Cc1ccsc1C(=CCCN1CCC[C@@H](C(=O)O)C1)c1sccc1C,tiagabine
O=C(O)c1nn(-c2ccc(S(=O)(=O)O)cc2)c(O)c1/N=N/c1ccc(S(=O)(=O)O)cc1,tartrazine
CCN(CCCCOC(=O)c1ccc(OC)c(OC)c1)C(C)Cc1ccc(OC)cc1,mebeverine
C=C1C[C@@H]2CC[C@@]34C[C@H]5O[C@H]6[C@@H](O3)[C@H]3O[C@H](CC[C@@H]3O[C@H]6[C@H]5O4)CC(=O)C[C@@H]3[C@@H](OC)[C@@H](C[C@H](O)CN)O[C@H]3C[C@H]3O[C@@H](CC[C@@H]1O2)C[C@@H](C)C3=C,eribulin
CCCCCCCCCCCCCCCC(=O)N[C@@H](CCC(=O)NCCCC[C@H](NC(=O)[C@H](C)NC(=O)[C@H](C)NC(=O)[C@H](CCC(N)=O)NC(=O)CNC(=O)[C@H](CCC(=O)O)NC(=O)[C@H](CC(C)C)NC(=O)[C@H](Cc1ccc(O)cc1)NC(=O)[C@H](CO)NC(=O)[C@H](CO)NC(=O)[C@@H](NC(=O)[C@H](CC(=O)O)NC(=O)[C@H](CO)NC(=O)[C@@H](NC(=O)[C@H](Cc1ccccc1)NC(=O)[C@@H](NC(=O)CNC(=O)[C@H](CCC(=O)O)NC(=O)[C@H](C)NC(=O)[C@@H](N)Cc1c[nH]cn1)[C@@H](C)O)[C@@H](C)O)C(C)C)C(=O)N[C@@H](CCC(=O)O)C(=O)N[C@@H](Cc1ccccc1)C(=O)N[C@H](C(=O)N[C@@H](C)C(=O)N[C@@H](Cc1c[nH]c2ccccc12)C(=O)N[C@@H](CC(C)C)C(=O)N[C@H](C(=O)N[C@@H](CCCNC(=N)N)C(=O)NCC(=O)N[C@@H](CCCNC(=N)N)C(=O)NCC(=O)O)C(C)C)[C@@H](C)CC)C(=O)O,liraglutide
CC(I)C1OCC(CO)O1,iodinated glycerol
O=C1[C@H]2CCCC[C@H]2C(=O)N1CCCCN1CCN(c2nsc3ccccc23)CC1,perospirone
CC(C)(O/N=C(\C(=O)N[C@@H]1C(=O)N2C(C(=O)O)=C(C[n+]3ccccc3)CS[C@H]12)c1csc(N)n1)C(=O)O,ceftazidime
C[C@@H](O)[C@H](CO)NC(=O)[C@@H]1CSSC[C@H](NC(=O)[C@@H](N)Cc2ccccc2)C(=O)N[C@@H](Cc2ccccc2)C(=O)N[C@@H](Cc2c[nH]c3ccccc23)C(=O)N[C@@H](CCCCN)C(=O)N[C@@H]([C@@H](C)O)C(=O)N1,octreotide
C[N+]1(CCC(C(N)=O)(c2ccccc2)c2ccccc2)CCCCCC1,buzepide metiodide
CCC(COC(=O)c1cc(OC)c(OC)c(OC)c1)(c1ccccc1)N(C)C,trimebutine
NCCc1cnc[nH]1,histamine
C[N+]1(CC(=O)c2ccc(-c3ccccc3)cc2)[C@@H]2CC[C@H]1C[C@@H](OC(=O)[C@H](CO)c1ccccc1)C2,fentonium
CCC1(c2ccccc2)C(=O)N(COC)C(=O)N(COC)C1=O,eterobarb
CCCCCCC(C)NN,octamoxin
O=C(c1cc(Cc2n[nH]c(=O)c3ccccc23)ccc1F)N1CCN(C(=O)C2CC2)CC1,olaparib
NC(=O)c1nc[nH]c1N,orazamide
C[C@]12CC[C@H](OS(=O)(=O)O)CC1=CC[C@@H]1[C@@H]2CC[C@]2(C)C(=O)CC[C@@H]12,prasterone sulfate
O[C@H]([C@H](O)[C@@H](O)CBr)[C@H](O)CBr,mitolactol
CCCCC1(CCOC(N)=O)C(=O)NC(=O)NC1=O,carbubarb
Cc1ncc(C[n+]2csc(CCO)c2C)c(N)n1,thiamine
N[C@@H](Cc1cnc[nH]1)C(=O)O,histidine
Clc1cccc(Cl)c1NC1=NCCN1,clonidine
NCCCNCCSP(=O)(O)O,amifostine
O=C(O)[C@@H]1CCCN1,proline
NC(=O)C1(N2CCCCC2)CCN(CCCC(=O)c2ccc(F)cc2)CC1,pipamperone
N[C@@H](Cc1cc(Br)c(O)c(Br)c1)C(=O)O,dibromotyrosine
C[N+](C)(CCO)CC[18F],fluoroethylcholine (18F)
COc1ccc(OC)c(C(O)CNC(=O)CN)c1,midodrine
CNC(=O)c1cccc2c(Nc3ccc(NS(C)(=O)=O)cc3OC)c3cccc(C)c3nc12,asulacrine
O=C1c2ccccc2C(=O)C1c1ccccc1,phenindione
O=C(NCCN1CCOCC1)c1ccc(Cl)cc1,moclobemide
N[C@@H](Cc1c[nH]c2ccccc12)C(=O)O,tryptophan
O=C(/C=C/c1ccc(O)c(O)c1)O[C@@H]1C[C@@](OC(=O)/C=C/c2ccc(O)c(O)c2)(C(=O)O)C[C@@H](O)[C@@H]1O,cynarine
COC(=O)C1=C(C)NC(C)=C(C(=O)O[C@@H]2CCCN(Cc3ccccc3)C2)C1c1cccc([N+](=O)[O-])c1,benidipine
CCCCC1(CCCC)CN(c2ccccc2)c2cc(SC)c(OCC(=O)N[C@@H](C(=O)NCC(=O)O)c3ccccc3)cc2S(=O)(=O)C1,elobixibat
CN1CC[C@@H](NC(=O)Nc2ccc(C#N)cc2)C[C@@H]1c1nc2ccccc2[nH]1,glasdegib
NC(=O)CC[C@H](N)C(=O)O,glutamine
C[C@H](Cc1cc2c(c(C(N)=O)c1)N(CCCO)CC2)NCCOc1ccccc1OCC(F)(F)F,silodosin
CCC(=O)O[C@H]1[C@H](O[C@@H]2[C@@H](C)[C@H](O[C@H]3C[C@@](C)(OC)[C@@H](O)[C@H](C)O3)[C@@H](C)C(=O)O[C@H](CC)[C@@](C)(O)[C@H](O)[C@@H](C)C(=O)[C@H](C)C[C@@]2(C)O)O[C@H](C)C[C@@H]1N(C)C,erythromycin propionate
O=C1CN2CCOC2(c2ccccc2F)c2cc(Br)ccc2N1,haloxazolam
CCOC(=O)NC(C)(C)Cc1ccc(Cl)cc1,cloforex
Oc1ccc2c3c1O[C@H]1[C@@H](O)CC[C@@]4(O)[C@@H](C2)N(CC2CCC2)CC[C@]314,nalbuphine
O=C(c1ccc(OCCN2CCCCC2)cc1)c1c(-c2ccc(O)cc2)sc2cc(O)ccc12,raloxifene
CCOc1ccc2[nH]c(SCCN3CCOCC3)nc2c1,fabomotizole
O=C(O)COCCN1CCN(C(c2ccccc2)c2ccc(Cl)cc2)CC1,cetirizine
CCOC(=O)Nc1ccc2c(c1)N(C(=O)CCN1CCOCC1)c1ccccc1S2,moracizine
CC(=O)N[C@H]1[C@H]([C@H](O)[C@H](O)CO)OC(C(=O)O)=C[C@@H]1NC(=N)N,zanamivir
Nc1ccc(S(=O)(=O)C(CC(=O)c2ccccc2)c2ccccc2)cc1,alkofanone
NC(=O)OC[C@H](N)Cc1ccccc1,solriamfetol
OC(CCN1CCCCC1)(c1ccccc1)C1CC2C=CC1C2,biperiden
Nc1nc(-c2ccccc2)c(Br)c(=O)[nH]1,bropirimine
Cc1ccc(C(C)C)c(O)c1,thymol
Cc1cc(C2CCCCC2)n(O)c(=O)c1,ciclopirox
CCN1C(=O)OC(C)(C)C1=O,ethadione
CN(Cc1cc(Br)cc(Br)c1N)C1CCCCC1,bromhexine
CSCC[C@H](NC(=O)[C@H](CO)NC(=O)[C@H](Cc1ccc(O)cc1)NC(=O)[C@@H](N)CO)C(=O)N[C@@H](CCC(=O)O)C(=O)N[C@@H](Cc1c[nH]cn1)C(=O)N[C@@H](Cc1ccccc1)C(=O)N[C@@H](CCCNC(=N)N)C(=O)N[C@@H](Cc1c[nH]c2ccccc12)C(=O)NCC(=O)N[C@@H](CCCCN)C(=O)N1CCC[C@H]1C(=O)N[C@H](C(=O)NCC(=O)N[C@@H](CCCCN)C(=O)N[C@@H](CCCCN)C(=O)N[C@@H](CCCNC(=N)N)C(=O)N[C@@H](CCCNC(=N)N)C(=O)N1CCC[C@H]1C(=O)N[C@H](C(=O)N[C@@H](CCCCN)C(=O)N[C@H](C(=O)N[C@@H](Cc1ccc(O)cc1)C(=O)N1CCC[C@H]1C(=O)N[C@@H](CC(N)=O)C(=O)NCC(=O)N[C@@H](C)C(=O)N[C@@H](CCC(=O)O)C(=O)N[C@@H](CC(=O)O)C(=O)N[C@@H](CCC(=O)O)C(=O)N[C@@H](CO)C(=O)N[C@@H](C)C(=O)N[C@@H](CCC(=O)O)C(=O)N[C@@H](C)C(=O)N[C@@H](Cc1ccccc1)C(=O)N1CCC[C@H]1C(=O)N[C@@H](CC(C)C)C(=O)N[C@@H](CCC(=O)O)C(=O)N[C@@H](Cc1ccccc1)C(=O)O)C(C)C)C(C)C)C(C)C,corticotropin
CCS(=O)(=O)c1ccc(F)cc1,fluoresone
Cn1c(=O)c2c(ncn2CCNCC(O)c2ccc(O)c(O)c2)n(C)c1=O,theodrenaline
C[C@@H](CN1CC(=O)NC(=O)C1)N1CC(=O)NC(=O)C1,dexrazoxane
CN1CCN(CCN2CCN(CCCN3c4ccccc4Sc4ccc(Cl)cc43)CC2)C1=O,imiclopazine
CC[N+]1(CC)CCC(=C(c2ccccc2)c2ccccc2)C1C,prifinium
CCC(=O)c1ccc(O)cc1,paroxypropione
N#Cc1ccc(Oc2ccc3c(c2)COB3O)cc1,crisaborole
CCOC(=O)Nc1ccc(NCc2ccc(F)cc2)nc1N,flupirtine
CC(C)OC(=O)[C@H](C)N[P@](=O)(OC[C@H]1O[C@@H](n2ccc(=O)[nH]c2=O)[C@](C)(F)[C@@H]1O)Oc1ccccc1,sofosbuvir
Nc1ncnc(Nc2ccccc2)n1,amanozine
[O-][n+]1ccccc1SSc1cccc[n+]1[O-],dipyrithione
CCC=C(C)C1(CC)C(=O)NC(=O)NC1=O,vinbarbital
Cc1cc2ncc(C(=O)NCC(C)(C)NCC(=O)N3CCC[C@H]3C#N)cn2n1,anagliptin
Cn1c(=O)c2c(ncn2CC(=O)O)n(C)c1=O,acefylline
CN1CCCC(n2nc(Cc3ccc(Cl)cc3)c3ccccc3c2=O)CC1,azelastine
CCSc1ccc2c(c1)N(CCCN1CCN(C)CC1)c1ccccc1S2,thiethylperazine
CNCC(O)c1ccc(O)cc1,oxedrine
Cc1nc(Nc2ccc(F)cc2)nc(N2CCc3ccccc3C2C)c1C,revaprazan
O=C(O)CCC(=O)c1ccc2c(c1)-c1cccc3cccc-2c13,florantyrone
COC(=O)CCC[N+](C)(C)C,carpronium
CCCCNC(=O)OCC(C)(CCC)COC(N)=O,tybamate
